代码,名称,开始时间,结束时间,均价
002304,洋河股份,2011-07-02,2013-12-10,115.66
002601,佰利联,2011-07-02,2013-12-10,112.75
600519,贵州茅台,2011-07-02,2013-12-10,101.5
300215,电科院,2011-07-02,2013-12-10,101.21
300197,铁汉生态,2011-07-02,2013-12-10,97.45
002310,东方园林,2011-07-02,2013-12-10,90.59
000869,张  裕Ａ,2011-07-02,2013-12-10,85.97
000596,古井贡酒,2011-07-02,2013-12-10,85.17
002572,索菲亚,2011-07-02,2013-12-10,81.75
600436,片仔癀,2011-07-02,2013-12-10,80.39
002293,罗莱家纺,2011-07-02,2013-12-10,74.2
000661,长春高新,2011-07-02,2013-12-10,73.25
002006,*ST精功,2011-07-02,2013-12-10,71.43
300124,汇川技术,2011-07-02,2013-12-10,70.92
300288,朗玛信息,2011-07-02,2013-12-10,70.12
600132,重庆啤酒,2011-07-02,2013-12-10,69.49
300204,舒泰神,2011-07-02,2013-12-10,69.43
002456,欧菲光,2011-07-02,2013-12-10,68.41
300228,富瑞特装,2011-07-02,2013-12-10,68.27
300238,冠昊生物,2011-07-02,2013-12-10,67.86
002635,安洁科技,2011-07-02,2013-12-10,64.02
300251,光线传媒,2011-07-02,2013-12-10,63.75
600809,山西汾酒,2011-07-02,2013-12-10,62.82
600150,中国船舶,2011-07-02,2013-12-10,62.74
300347,泰格医药,2011-07-02,2013-12-10,60.08
300343,联创节能,2011-07-02,2013-12-10,60.07
300291,华录百纳,2011-07-02,2013-12-10,59.65
300257,开山股份,2011-07-02,2013-12-10,59.3
300315,掌趣科技,2011-07-02,2013-12-10,59.15
300134,大富科技,2011-07-02,2013-12-10,57.73
300340,科恒股份,2011-07-02,2013-12-10,57.59
300183,东软载波,2011-07-02,2013-12-10,57.35
300166,东方国信,2011-07-02,2013-12-10,57.26
600111,包钢稀土,2011-07-02,2013-12-10,56.21
002353,杰瑞股份,2011-07-02,2013-12-10,54.42
300346,南大光电,2011-07-02,2013-12-10,51.37
300139,福星晓程,2011-07-02,2013-12-10,49.64
002241,歌尔声学,2011-07-02,2013-12-10,49.01
002371,七星电子,2011-07-02,2013-12-10,48.53
002334,英威腾,2011-07-02,2013-12-10,48.39
002322,理工监测,2011-07-02,2013-12-10,48.31
300146,汤臣倍健,2011-07-02,2013-12-10,47.95
002585,双星新材,2011-07-02,2013-12-10,47.23
002582,好想你,2011-07-02,2013-12-10,46.79
002447,壹桥苗业,2011-07-02,2013-12-10,46.25
600535,天士力,2011-07-02,2013-12-10,46.2
002038,双鹭药业,2011-07-02,2013-12-10,46.0
600315,上海家化,2011-07-02,2013-12-10,45.96
600971,恒源煤电,2011-07-02,2013-12-10,45.83
002648,卫星石化,2011-07-02,2013-12-10,45.52
300080,新大新材,2011-07-02,2013-12-10,45.37
000049,德赛电池,2011-07-02,2013-12-10,44.9
600259,广晟有色,2011-07-02,2013-12-10,44.88
300190,维尔利,2011-07-02,2013-12-10,44.85
300250,初灵信息,2011-07-02,2013-12-10,44.17
000792,盐湖股份,2011-07-02,2013-12-10,44.0
000799,酒 鬼 酒,2011-07-02,2013-12-10,43.91
000538,云南白药,2011-07-02,2013-12-10,43.67
000895,双汇发展,2011-07-02,2013-12-10,43.58
300105,龙源技术,2011-07-02,2013-12-10,42.01
601908,京运通,2011-07-02,2013-12-10,41.97
300187,永清环保,2011-07-02,2013-12-10,41.7
002407,多氟多,2011-07-02,2013-12-10,41.5
002236,大华股份,2011-07-02,2013-12-10,41.46
300133,华策影视,2011-07-02,2013-12-10,41.37
002327,富安娜,2011-07-02,2013-12-10,41.22
002400,省广股份,2011-07-02,2013-12-10,40.9
002428,云南锗业,2011-07-02,2013-12-10,40.84
000703,恒逸石化,2011-07-02,2013-12-10,40.39
002237,恒邦股份,2011-07-02,2013-12-10,40.28
600123,兰花科创,2011-07-02,2013-12-10,39.65
002614,蒙发利,2011-07-02,2013-12-10,39.63
300270,中威电子,2011-07-02,2013-12-10,39.43
002626,金达威,2011-07-02,2013-12-10,39.21
300177,中海达,2011-07-02,2013-12-10,39.12
002214,大立科技,2011-07-02,2013-12-10,39.03
300223,北京君正,2011-07-02,2013-12-10,39.0
600388,龙净环保,2011-07-02,2013-12-10,38.44
300306,远方光电,2011-07-02,2013-12-10,38.4
300246,宝莱特,2011-07-02,2013-12-10,38.32
002563,森马服饰,2011-07-02,2013-12-10,38.32
002637,赞宇科技,2011-07-02,2013-12-10,38.17
002294,信立泰,2011-07-02,2013-12-10,38.13
002313,日海通讯,2011-07-02,2013-12-10,37.96
002397,梦洁家纺,2011-07-02,2013-12-10,37.68
300285,国瓷材料,2011-07-02,2013-12-10,37.63
002513,蓝丰生化,2011-07-02,2013-12-10,37.59
002474,榕基软件,2011-07-02,2013-12-10,37.16
600537,亿晶光电,2011-07-02,2013-12-10,37.01
300217,东方电热,2011-07-02,2013-12-10,36.94
300239,东宝生物,2011-07-02,2013-12-10,36.77
002004,华邦颖泰,2011-07-02,2013-12-10,36.58
300248,新开普,2011-07-02,2013-12-10,36.4
002663,普邦园林,2011-07-02,2013-12-10,36.24
002672,东江环保,2011-07-02,2013-12-10,36.21
300244,迪安诊断,2011-07-02,2013-12-10,35.49
300275,梅安森,2011-07-02,2013-12-10,34.74
300216,千山药机,2011-07-02,2013-12-10,34.72
002167,东方锆业,2011-07-02,2013-12-10,34.62
300199,翰宇药业,2011-07-02,2013-12-10,34.57
002253,川大智胜,2011-07-02,2013-12-10,34.15
300055,万邦达,2011-07-02,2013-12-10,34.07
600562,国睿科技,2011-07-02,2013-12-10,33.88
002422,科伦药业,2011-07-02,2013-12-10,33.85
002029,七 匹 狼,2011-07-02,2013-12-10,33.79
300298,三诺生物,2011-07-02,2013-12-10,33.61
000970,中科三环,2011-07-02,2013-12-10,33.5
002401,中海科技,2011-07-02,2013-12-10,33.27
002338,奥普光电,2011-07-02,2013-12-10,33.13
300271,华宇软件,2011-07-02,2013-12-10,33.13
300104,乐视网,2011-07-02,2013-12-10,33.07
002541,鸿路钢构,2011-07-02,2013-12-10,33.07
002656,卡奴迪路,2011-07-02,2013-12-10,32.95
300212,易华录,2011-07-02,2013-12-10,32.8
300260,新莱应材,2011-07-02,2013-12-10,32.76
002546,新联电子,2011-07-02,2013-12-10,32.76
300157,恒泰艾普,2011-07-02,2013-12-10,32.71
300142,沃森生物,2011-07-02,2013-12-10,32.71
300286,安科瑞,2011-07-02,2013-12-10,32.67
002700,新疆浩源,2011-07-02,2013-12-10,32.5
600228,*ST昌九,2011-07-02,2013-12-10,32.47
002136,安 纳 达,2011-07-02,2013-12-10,32.3
300188,美亚柏科,2011-07-02,2013-12-10,32.17
300006,莱美药业,2011-07-02,2013-12-10,31.52
300226,上海钢联,2011-07-02,2013-12-10,31.32
300058,蓝色光标,2011-07-02,2013-12-10,31.31
002597,金禾实业,2011-07-02,2013-12-10,31.23
600372,中航电子,2011-07-02,2013-12-10,31.18
300075,数字政通,2011-07-02,2013-12-10,31.05
601233,桐昆股份,2011-07-02,2013-12-10,30.93
600636,三爱富,2011-07-02,2013-12-10,30.91
600729,重庆百货,2011-07-02,2013-12-10,30.86
601717,郑煤机,2011-07-02,2013-12-10,30.85
000513,丽珠集团,2011-07-02,2013-12-10,30.83
000338,潍柴动力,2011-07-02,2013-12-10,30.78
300195,长荣股份,2011-07-02,2013-12-10,30.75
000877,天山股份,2011-07-02,2013-12-10,30.67
300331,苏大维格,2011-07-02,2013-12-10,30.61
600859,王府井,2011-07-02,2013-12-10,30.59
601258,庞大集团,2011-07-02,2013-12-10,30.54
300191,潜能恒信,2011-07-02,2013-12-10,30.36
300065,海兰信,2011-07-02,2013-12-10,30.24
600389,江山股份,2011-07-02,2013-12-10,30.05
300274,阳光电源,2011-07-02,2013-12-10,30.03
300070,碧水源,2011-07-02,2013-12-10,29.92
002385,大北农,2011-07-02,2013-12-10,29.83
600449,宁夏建材,2011-07-02,2013-12-10,29.82
300352,北信源,2011-07-02,2013-12-10,29.71
300037,新宙邦,2011-07-02,2013-12-10,29.7
002384,东山精密,2011-07-02,2013-12-10,29.69
002424,贵州百灵,2011-07-02,2013-12-10,29.68
300231,银信科技,2011-07-02,2013-12-10,29.67
000776,广发证券,2011-07-02,2013-12-10,29.52
600160,巨化股份,2011-07-02,2013-12-10,29.48
002155,辰州矿业,2011-07-02,2013-12-10,29.44
002573,国电清新,2011-07-02,2013-12-10,29.4
002528,英飞拓,2011-07-02,2013-12-10,29.31
300113,顺网科技,2011-07-02,2013-12-10,29.28
300316,晶盛机电,2011-07-02,2013-12-10,29.17
300224,正海磁材,2011-07-02,2013-12-10,29.12
300243,瑞丰高材,2011-07-02,2013-12-10,29.11
300169,天晟新材,2011-07-02,2013-12-10,29.11
002539,新都化工,2011-07-02,2013-12-10,29.05
000762,西藏矿业,2011-07-02,2013-12-10,29.01
300268,万福生科,2011-07-02,2013-12-10,29.0
600332,白云山,2011-07-02,2013-12-10,28.98
002445,中南重工,2011-07-02,2013-12-10,28.91
300017,网宿科技,2011-07-02,2013-12-10,28.85
002607,亚夏汽车,2011-07-02,2013-12-10,28.83
002520,日发精机,2011-07-02,2013-12-10,28.81
300205,天喻信息,2011-07-02,2013-12-10,28.78
002568,百润股份,2011-07-02,2013-12-10,28.69
300026,红日药业,2011-07-02,2013-12-10,28.69
002151,北斗星通,2011-07-02,2013-12-10,28.67
002416,爱施德,2011-07-02,2013-12-10,28.57
002234,*ST民和,2011-07-02,2013-12-10,28.53
002453,天马精化,2011-07-02,2013-12-10,28.53
002230,科大讯飞,2011-07-02,2013-12-10,28.47
300198,纳川股份,2011-07-02,2013-12-10,28.46
300159,新研股份,2011-07-02,2013-12-10,28.41
002562,兄弟科技,2011-07-02,2013-12-10,28.39
300249,依米康,2011-07-02,2013-12-10,28.31
002439,启明星辰,2011-07-02,2013-12-10,28.16
300305,裕兴股份,2011-07-02,2013-12-10,28.1
000758,中色股份,2011-07-02,2013-12-10,28.1
300160,秀强股份,2011-07-02,2013-12-10,28.09
601633,长城汽车,2011-07-02,2013-12-10,28.08
300175,朗源股份,2011-07-02,2013-12-10,28.02
600280,中央商场,2011-07-02,2013-12-10,28.02
600085,同仁堂,2011-07-02,2013-12-10,27.96
600395,盘江股份,2011-07-02,2013-12-10,27.92
002315,焦点科技,2011-07-02,2013-12-10,27.9
002458,益生股份,2011-07-02,2013-12-10,27.82
300309,吉艾科技,2011-07-02,2013-12-10,27.74
300273,和佳股份,2011-07-02,2013-12-10,27.72
300253,卫宁软件,2011-07-02,2013-12-10,27.7
002503,搜于特,2011-07-02,2013-12-10,27.56
002050,三花股份,2011-07-02,2013-12-10,27.55
600267,海正药业,2011-07-02,2013-12-10,27.54
300258,精锻科技,2011-07-02,2013-12-10,27.5
601558,*ST锐电,2011-07-02,2013-12-10,27.49
300276,三丰智能,2011-07-02,2013-12-10,27.44
002642,荣之联,2011-07-02,2013-12-10,27.31
300102,乾照光电,2011-07-02,2013-12-10,27.31
000639,西王食品,2011-07-02,2013-12-10,27.3
300101,振芯科技,2011-07-02,2013-12-10,27.3
300141,和顺电气,2011-07-02,2013-12-10,27.24
002518,科士达,2011-07-02,2013-12-10,27.15
300096,易联众,2011-07-02,2013-12-10,27.09
002606,大连电瓷,2011-07-02,2013-12-10,27.06
300181,佐力药业,2011-07-02,2013-12-10,27.05
002559,亚威股份,2011-07-02,2013-12-10,26.96
002273,水晶光电,2011-07-02,2013-12-10,26.95
002042,华孚色纺,2011-07-02,2013-12-10,26.93
600406,国电南瑞,2011-07-02,2013-12-10,26.93
600176,中国玻纤,2011-07-02,2013-12-10,26.84
000752,西藏发展,2011-07-02,2013-12-10,26.84
600188,兖州煤业,2011-07-02,2013-12-10,26.82
600403,大有能源,2011-07-02,2013-12-10,26.75
000917,电广传媒,2011-07-02,2013-12-10,26.75
600316,洪都航空,2011-07-02,2013-12-10,26.71
002603,以岭药业,2011-07-02,2013-12-10,26.67
300266,兴源过滤,2011-07-02,2013-12-10,26.63
300334,津膜科技,2011-07-02,2013-12-10,26.59
600559,老白干酒,2011-07-02,2013-12-10,26.56
300245,天玑科技,2011-07-02,2013-12-10,26.55
300237,美晨科技,2011-07-02,2013-12-10,26.47
300162,雷曼光电,2011-07-02,2013-12-10,26.47
300041,回天新材,2011-07-02,2013-12-10,26.31
002570,贝因美,2011-07-02,2013-12-10,26.3
300158,振东制药,2011-07-02,2013-12-10,26.23
002566,益盛药业,2011-07-02,2013-12-10,26.18
002269,美邦服饰,2011-07-02,2013-12-10,26.16
300307,慈星股份,2011-07-02,2013-12-10,26.11
002657,中科金财,2011-07-02,2013-12-10,26.08
000568,泸州老窖,2011-07-02,2013-12-10,26.02
000750,国海证券,2011-07-02,2013-12-10,26.01
002216,三全食品,2011-07-02,2013-12-10,25.99
002612,朗姿股份,2011-07-02,2013-12-10,25.98
000669,金鸿能源,2011-07-02,2013-12-10,25.97
002408,齐翔腾达,2011-07-02,2013-12-10,25.96
600184,光电股份,2011-07-02,2013-12-10,25.96
002096,南岭民爆,2011-07-02,2013-12-10,25.95
300202,聚龙股份,2011-07-02,2013-12-10,25.91
300099,尤洛卡,2011-07-02,2013-12-10,25.78
300324,旋极信息,2011-07-02,2013-12-10,25.76
002469,三维工程,2011-07-02,2013-12-10,25.76
600354,敦煌种业,2011-07-02,2013-12-10,25.72
600486,扬农化工,2011-07-02,2013-12-10,25.7
300235,方直科技,2011-07-02,2013-12-10,25.7
002415,海康威视,2011-07-02,2013-12-10,25.62
600146,大元股份,2011-07-02,2013-12-10,25.57
002493,荣盛石化,2011-07-02,2013-12-10,25.5
300074,华平股份,2011-07-02,2013-12-10,25.46
002344,海宁皮城,2011-07-02,2013-12-10,25.43
300090,盛运股份,2011-07-02,2013-12-10,25.39
300056,三维丝,2011-07-02,2013-12-10,25.38
300015,爱尔眼科,2011-07-02,2013-12-10,25.28
600433,冠豪高新,2011-07-02,2013-12-10,25.17
300222,科大智能,2011-07-02,2013-12-10,25.15
002281,光迅科技,2011-07-02,2013-12-10,25.05
600058,五矿发展,2011-07-02,2013-12-10,24.99
300150,世纪瑞尔,2011-07-02,2013-12-10,24.94
300339,润和软件,2011-07-02,2013-12-10,24.91
002410,广联达,2011-07-02,2013-12-10,24.9
002475,立讯精密,2011-07-02,2013-12-10,24.88
002264,新 华 都,2011-07-02,2013-12-10,24.87
600298,安琪酵母,2011-07-02,2013-12-10,24.86
300263,隆华节能,2011-07-02,2013-12-10,24.8
300152,燃控科技,2011-07-02,2013-12-10,24.76
002392,北京利尔,2011-07-02,2013-12-10,24.72
002434,万里扬,2011-07-02,2013-12-10,24.71
002638,勤上光电,2011-07-02,2013-12-10,24.7
002653,海思科,2011-07-02,2013-12-10,24.67
300164,通源石油,2011-07-02,2013-12-10,24.63
300255,常山药业,2011-07-02,2013-12-10,24.6
300314,戴维医疗,2011-07-02,2013-12-10,24.57
300287,飞利信,2011-07-02,2013-12-10,24.51
002405,四维图新,2011-07-02,2013-12-10,24.51
300138,晨光生物,2011-07-02,2013-12-10,24.49
002489,浙江永强,2011-07-02,2013-12-10,24.46
300054,鼎龙股份,2011-07-02,2013-12-10,24.39
600970,中材国际,2011-07-02,2013-12-10,24.32
002389,南洋科技,2011-07-02,2013-12-10,24.31
600340,华夏幸福,2011-07-02,2013-12-10,24.28
600549,厦门钨业,2011-07-02,2013-12-10,24.2
002545,东方铁塔,2011-07-02,2013-12-10,24.19
002605,姚记扑克,2011-07-02,2013-12-10,24.18
002549,凯美特气,2011-07-02,2013-12-10,24.17
300024,机器人,2011-07-02,2013-12-10,24.17
600547,山东黄金,2011-07-02,2013-12-10,24.16
300171,东富龙,2011-07-02,2013-12-10,24.15
002610,爱康科技,2011-07-02,2013-12-10,24.1
600702,沱牌舍得,2011-07-02,2013-12-10,24.07
300295,三六五网,2011-07-02,2013-12-10,24.06
002289,宇顺电子,2011-07-02,2013-12-10,24.04
002399,海普瑞,2011-07-02,2013-12-10,23.97
300225,金力泰,2011-07-02,2013-12-10,23.96
300355,蒙草抗旱,2011-07-02,2013-12-10,23.94
002604,龙力生物,2011-07-02,2013-12-10,23.94
300277,海联讯,2011-07-02,2013-12-10,23.91
300326,凯利泰,2011-07-02,2013-12-10,23.85
300098,高新兴,2011-07-02,2013-12-10,23.76
600645,中源协和,2011-07-02,2013-12-10,23.7
300179,四方达,2011-07-02,2013-12-10,23.69
000603,盛达矿业,2011-07-02,2013-12-10,23.64
601208,东材科技,2011-07-02,2013-12-10,23.59
300240,飞力达,2011-07-02,2013-12-10,23.58
600869,智慧能源,2011-07-02,2013-12-10,23.55
300336,新文化,2011-07-02,2013-12-10,23.53
300261,雅本化学,2011-07-02,2013-12-10,23.46
002623,亚玛顿,2011-07-02,2013-12-10,23.45
300300,汉鼎股份,2011-07-02,2013-12-10,23.44
002317,众生药业,2011-07-02,2013-12-10,23.44
002608,舜天船舶,2011-07-02,2013-12-10,23.43
300247,桑乐金,2011-07-02,2013-12-10,23.42
002152,广电运通,2011-07-02,2013-12-10,23.42
002702,海欣食品,2011-07-02,2013-12-10,23.41
000400,许继电气,2011-07-02,2013-12-10,23.4
002586,围海股份,2011-07-02,2013-12-10,23.32
002148,北纬通信,2011-07-02,2013-12-10,23.32
002589,瑞康医药,2011-07-02,2013-12-10,23.31
002466,天齐锂业,2011-07-02,2013-12-10,23.27
000602,金马集团,2011-07-02,2013-12-10,23.22
300002,神州泰岳,2011-07-02,2013-12-10,23.22
002565,上海绿新,2011-07-02,2013-12-10,23.19
002190,成飞集成,2011-07-02,2013-12-10,23.08
601699,潞安环能,2011-07-02,2013-12-10,23.07
300032,金龙机电,2011-07-02,2013-12-10,23.06
002594,比亚迪,2011-07-02,2013-12-10,23.03
300029,天龙光电,2011-07-02,2013-12-10,23.02
300052,中青宝,2011-07-02,2013-12-10,22.99
300301,长方照明,2011-07-02,2013-12-10,22.99
002487,大金重工,2011-07-02,2013-12-10,22.92
002303,美盈森,2011-07-02,2013-12-10,22.88
002326,永太科技,2011-07-02,2013-12-10,22.87
300220,金运激光,2011-07-02,2013-12-10,22.81
002204,大连重工,2011-07-02,2013-12-10,22.79
601101,昊华能源,2011-07-02,2013-12-10,22.68
002081,金 螳 螂,2011-07-02,2013-12-10,22.63
002309,中利科技,2011-07-02,2013-12-10,22.59
002409,雅克科技,2011-07-02,2013-12-10,22.56
601933,永辉超市,2011-07-02,2013-12-10,22.55
600305,恒顺醋业,2011-07-02,2013-12-10,22.5
300256,星星科技,2011-07-02,2013-12-10,22.48
300209,天泽信息,2011-07-02,2013-12-10,22.41
002477,雏鹰农牧,2011-07-02,2013-12-10,22.35
002106,莱宝高科,2011-07-02,2013-12-10,22.28
300241,瑞丰光电,2011-07-02,2013-12-10,22.26
002383,合众思壮,2011-07-02,2013-12-10,22.17
002665,首航节能,2011-07-02,2013-12-10,22.13
600072,*ST钢构,2011-07-02,2013-12-10,22.11
300082,奥克股份,2011-07-02,2013-12-10,22.06
002550,千红制药,2011-07-02,2013-12-10,22.01
600612,老凤祥,2011-07-02,2013-12-10,21.99
601216,内蒙君正,2011-07-02,2013-12-10,21.93
002467,二六三,2011-07-02,2013-12-10,21.9
002680,黄海机械,2011-07-02,2013-12-10,21.89
002480,新筑股份,2011-07-02,2013-12-10,21.86
000963,华东医药,2011-07-02,2013-12-10,21.84
002684,猛狮科技,2011-07-02,2013-12-10,21.84
002176,江特电机,2011-07-02,2013-12-10,21.84
002526,山东矿机,2011-07-02,2013-12-10,21.82
600587,新华医疗,2011-07-02,2013-12-10,21.75
300161,华中数控,2011-07-02,2013-12-10,21.74
600546,山煤国际,2011-07-02,2013-12-10,21.73
002577,雷柏科技,2011-07-02,2013-12-10,21.72
002180,万 力 达,2011-07-02,2013-12-10,21.72
300156,神雾环保,2011-07-02,2013-12-10,21.71
002450,康得新,2011-07-02,2013-12-10,21.71
600888,新疆众和,2011-07-02,2013-12-10,21.71
002460,赣锋锂业,2011-07-02,2013-12-10,21.68
300122,智飞生物,2011-07-02,2013-12-10,21.67
002438,江苏神通,2011-07-02,2013-12-10,21.67
600362,江西铜业,2011-07-02,2013-12-10,21.66
300349,金卡股份,2011-07-02,2013-12-10,21.57
300262,巴安水务,2011-07-02,2013-12-10,21.56
002449,国星光电,2011-07-02,2013-12-10,21.56
002255,海陆重工,2011-07-02,2013-12-10,21.53
300118,东方日升,2011-07-02,2013-12-10,21.43
002431,棕榈园林,2011-07-02,2013-12-10,21.4
600783,鲁信创投,2011-07-02,2013-12-10,21.4
002186,全 聚 德,2011-07-02,2013-12-10,21.37
300127,银河磁体,2011-07-02,2013-12-10,21.31
601311,骆驼股份,2011-07-02,2013-12-10,21.29
600694,大商股份,2011-07-02,2013-12-10,21.27
002628,成都路桥,2011-07-02,2013-12-10,21.23
002279,久其软件,2011-07-02,2013-12-10,21.23
600685,广船国际,2011-07-02,2013-12-10,21.2
300229,拓尔思,2011-07-02,2013-12-10,21.19
600489,中金黄金,2011-07-02,2013-12-10,21.16
600557,康缘药业,2011-07-02,2013-12-10,21.16
002482,广田股份,2011-07-02,2013-12-10,21.08
002499,科林环保,2011-07-02,2013-12-10,21.07
002690,美亚光电,2011-07-02,2013-12-10,21.07
002056,横店东磁,2011-07-02,2013-12-10,21.06
600468,百利电气,2011-07-02,2013-12-10,21.05
002514,宝馨科技,2011-07-02,2013-12-10,21.05
000063,中兴通讯,2011-07-02,2013-12-10,21.05
300259,新天科技,2011-07-02,2013-12-10,21.01
002502,骅威股份,2011-07-02,2013-12-10,21.01
002574,明牌珠宝,2011-07-02,2013-12-10,21.0
300108,双龙股份,2011-07-02,2013-12-10,21.0
300174,元力股份,2011-07-02,2013-12-10,20.99
002433,太安堂,2011-07-02,2013-12-10,20.97
002345,潮宏基,2011-07-02,2013-12-10,20.93
002640,百圆裤业,2011-07-02,2013-12-10,20.9
600690,青岛海尔,2011-07-02,2013-12-10,20.85
002624,金磊股份,2011-07-02,2013-12-10,20.84
002430,杭氧股份,2011-07-02,2013-12-10,20.84
300293,蓝英装备,2011-07-02,2013-12-10,20.79
600251,冠农股份,2011-07-02,2013-12-10,20.78
000858,五 粮 液,2011-07-02,2013-12-10,20.77
000968,煤 气 化,2011-07-02,2013-12-10,20.64
300182,捷成股份,2011-07-02,2013-12-10,20.62
002602,世纪华通,2011-07-02,2013-12-10,20.61
002290,禾盛新材,2011-07-02,2013-12-10,20.58
002620,瑞和股份,2011-07-02,2013-12-10,20.56
002592,八菱科技,2011-07-02,2013-12-10,20.56
300165,天瑞仪器,2011-07-02,2013-12-10,20.54
600498,烽火通信,2011-07-02,2013-12-10,20.54
002339,积成电子,2011-07-02,2013-12-10,20.53
300167,迪威视讯,2011-07-02,2013-12-10,20.46
300004,南风股份,2011-07-02,2013-12-10,20.43
002649,博彦科技,2011-07-02,2013-12-10,20.42
000960,锡业股份,2011-07-02,2013-12-10,20.41
002515,金字火腿,2011-07-02,2013-12-10,20.4
002658,雪迪龙,2011-07-02,2013-12-10,20.37
600691,阳煤化工,2011-07-02,2013-12-10,20.35
300148,天舟文化,2011-07-02,2013-12-10,20.34
002506,*ST超日,2011-07-02,2013-12-10,20.34
300294,博雅生物,2011-07-02,2013-12-10,20.33
300283,温州宏丰,2011-07-02,2013-12-10,20.31
000809,铁岭新城,2011-07-02,2013-12-10,20.28
000581,威孚高科,2011-07-02,2013-12-10,20.27
002034,美 欣 达,2011-07-02,2013-12-10,20.24
600392,盛和资源,2011-07-02,2013-12-10,20.07
600490,鹏欣资源,2011-07-02,2013-12-10,20.05
002380,科远股份,2011-07-02,2013-12-10,20.04
600779,水井坊,2011-07-02,2013-12-10,20.03
000566,海南海药,2011-07-02,2013-12-10,20.0
002557,洽洽食品,2011-07-02,2013-12-10,19.94
002588,史丹利,2011-07-02,2013-12-10,19.91
600568,中珠控股,2011-07-02,2013-12-10,19.89
600531,豫光金铅,2011-07-02,2013-12-10,19.89
300109,新开源,2011-07-02,2013-12-10,19.77
002671,龙泉股份,2011-07-02,2013-12-10,19.76
600801,华新水泥,2011-07-02,2013-12-10,19.75
300011,鼎汉技术,2011-07-02,2013-12-10,19.75
002250,联化科技,2011-07-02,2013-12-10,19.66
002099,海翔药业,2011-07-02,2013-12-10,19.65
300125,易世达,2011-07-02,2013-12-10,19.57
002632,道明光学,2011-07-02,2013-12-10,19.54
002538,司尔特,2011-07-02,2013-12-10,19.51
002537,海立美达,2011-07-02,2013-12-10,19.5
300077,国民技术,2011-07-02,2013-12-10,19.5
000937,冀中能源,2011-07-02,2013-12-10,19.49
002693,双成药业,2011-07-02,2013-12-10,19.43
002413,常发股份,2011-07-02,2013-12-10,19.43
002395,双象股份,2011-07-02,2013-12-10,19.42
300252,金信诺,2011-07-02,2013-12-10,19.39
000423,东阿阿胶,2011-07-02,2013-12-10,19.37
600456,宝钛股份,2011-07-02,2013-12-10,19.34
300269,联建光电,2011-07-02,2013-12-10,19.33
600271,航天信息,2011-07-02,2013-12-10,19.27
300210,森远股份,2011-07-02,2013-12-10,19.26
002055,得润电子,2011-07-02,2013-12-10,19.24
002375,亚厦股份,2011-07-02,2013-12-10,19.24
300039,上海凯宝,2011-07-02,2013-12-10,19.23
300027,华谊兄弟,2011-07-02,2013-12-10,19.21
002508,老板电器,2011-07-02,2013-12-10,19.2
000028,国药一致,2011-07-02,2013-12-10,19.16
002349,精华制药,2011-07-02,2013-12-10,19.11
300208,恒顺电气,2011-07-02,2013-12-10,19.04
000623,吉林敖东,2011-07-02,2013-12-10,19.02
600139,西部资源,2011-07-02,2013-12-10,19.01
000998,隆平高科,2011-07-02,2013-12-10,19.0
002484,江海股份,2011-07-02,2013-12-10,18.97
601700,风范股份,2011-07-02,2013-12-10,18.95
002362,汉王科技,2011-07-02,2013-12-10,18.94
002249,大洋电机,2011-07-02,2013-12-10,18.87
002567,唐人神,2011-07-02,2013-12-10,18.87
601318,中国平安,2011-07-02,2013-12-10,18.84
002542,中化岩土,2011-07-02,2013-12-10,18.84
002448,中原内配,2011-07-02,2013-12-10,18.8
600522,中天科技,2011-07-02,2013-12-10,18.79
002252,上海莱士,2011-07-02,2013-12-10,18.78
002123,荣信股份,2011-07-02,2013-12-10,18.76
002153,石基信息,2011-07-02,2013-12-10,18.75
002340,格林美,2011-07-02,2013-12-10,18.74
002540,亚太科技,2011-07-02,2013-12-10,18.7
002161,远 望 谷,2011-07-02,2013-12-10,18.67
600503,华丽家族,2011-07-02,2013-12-10,18.66
002501,利源精制,2011-07-02,2013-12-10,18.58
600711,盛屯矿业,2011-07-02,2013-12-10,18.58
002288,超华科技,2011-07-02,2013-12-10,18.55
300059,东方财富,2011-07-02,2013-12-10,18.53
600785,新华百货,2011-07-02,2013-12-10,18.5
002069,獐 子 岛,2011-07-02,2013-12-10,18.5
002687,乔治白,2011-07-02,2013-12-10,18.49
600216,浙江医药,2011-07-02,2013-12-10,18.46
002646,青青稞酒,2011-07-02,2013-12-10,18.43
300206,理邦仪器,2011-07-02,2013-12-10,18.38
002621,大连三垒,2011-07-02,2013-12-10,18.37
300042,朗科科技,2011-07-02,2013-12-10,18.37
002580,圣阳股份,2011-07-02,2013-12-10,18.36
600594,益佰制药,2011-07-02,2013-12-10,18.32
000401,冀东水泥,2011-07-02,2013-12-10,18.32
002046,轴研科技,2011-07-02,2013-12-10,18.31
000598,兴蓉投资,2011-07-02,2013-12-10,18.31
002701,奥瑞金,2011-07-02,2013-12-10,18.3
002551,尚荣医疗,2011-07-02,2013-12-10,18.28
300219,鸿利光电,2011-07-02,2013-12-10,18.26
300143,星河生物,2011-07-02,2013-12-10,18.2
300128,锦富新材,2011-07-02,2013-12-10,18.2
600348,阳泉煤业,2011-07-02,2013-12-10,18.19
000826,桑德环境,2011-07-02,2013-12-10,18.19
300320,海达股份,2011-07-02,2013-12-10,18.18
002556,辉隆股份,2011-07-02,2013-12-10,18.17
002256,彩虹精化,2011-07-02,2013-12-10,18.15
002485,希努尔,2011-07-02,2013-12-10,18.15
300050,世纪鼎利,2011-07-02,2013-12-10,18.12
002007,华兰生物,2011-07-02,2013-12-10,18.11
002321,华英农业,2011-07-02,2013-12-10,18.1
300168,万达信息,2011-07-02,2013-12-10,18.05
002231,奥维通信,2011-07-02,2013-12-10,18.05
002226,江南化工,2011-07-02,2013-12-10,18.04
002511,中顺洁柔,2011-07-02,2013-12-10,18.04
002660,茂硕电源,2011-07-02,2013-12-10,18.01
600990,四创电子,2011-07-02,2013-12-10,18.0
300064,豫金刚石,2011-07-02,2013-12-10,17.96
300172,中电环保,2011-07-02,2013-12-10,17.96
002335,科华恒盛,2011-07-02,2013-12-10,17.95
002517,泰亚股份,2011-07-02,2013-12-10,17.94
300338,开元仪器,2011-07-02,2013-12-10,17.93
300303,聚飞光电,2011-07-02,2013-12-10,17.92
600770,综艺股份,2011-07-02,2013-12-10,17.89
600552,方兴科技,2011-07-02,2013-12-10,17.88
002393,力生制药,2011-07-02,2013-12-10,17.84
002622,永大集团,2011-07-02,2013-12-10,17.83
300194,福安药业,2011-07-02,2013-12-10,17.81
002509,天广消防,2011-07-02,2013-12-10,17.81
600425,青松建化,2011-07-02,2013-12-10,17.79
002118,紫鑫药业,2011-07-02,2013-12-10,17.79
000977,浪潮信息,2011-07-02,2013-12-10,17.78
002543,万和电气,2011-07-02,2013-12-10,17.73
002598,山东章鼓,2011-07-02,2013-12-10,17.73
000425,徐工机械,2011-07-02,2013-12-10,17.71
002358,森源电气,2011-07-02,2013-12-10,17.67
002126,银轮股份,2011-07-02,2013-12-10,17.65
300115,长盈精密,2011-07-02,2013-12-10,17.63
002266,浙富控股,2011-07-02,2013-12-10,17.6
600096,云天化,2011-07-02,2013-12-10,17.58
002571,德力股份,2011-07-02,2013-12-10,17.58
002298,鑫龙电器,2011-07-02,2013-12-10,17.57
600637,百视通,2011-07-02,2013-12-10,17.56
300201,海伦哲,2011-07-02,2013-12-10,17.55
600391,成发科技,2011-07-02,2013-12-10,17.55
603000,人民网,2011-07-02,2013-12-10,17.51
000417,合肥百货,2011-07-02,2013-12-10,17.5
600721,百花村,2011-07-02,2013-12-10,17.49
000999,华润三九,2011-07-02,2013-12-10,17.47
300147,香雪制药,2011-07-02,2013-12-10,17.45
000422,湖北宜化,2011-07-02,2013-12-10,17.44
002419,天虹商场,2011-07-02,2013-12-10,17.43
000409,山东地矿,2011-07-02,2013-12-10,17.42
002073,软控股份,2011-07-02,2013-12-10,17.41
002277,友阿股份,2011-07-02,2013-12-10,17.41
002683,宏大爆破,2011-07-02,2013-12-10,17.39
300218,安利股份,2011-07-02,2013-12-10,17.39
002013,中航机电,2011-07-02,2013-12-10,17.38
601336,新华保险,2011-07-02,2013-12-10,17.37
000630,铜陵有色,2011-07-02,2013-12-10,17.37
600742,一汽富维,2011-07-02,2013-12-10,17.37
300014,亿纬锂能,2011-07-02,2013-12-10,17.34
300072,三聚环保,2011-07-02,2013-12-10,17.3
000552,靖远煤电,2011-07-02,2013-12-10,17.28
300214,日科化学,2011-07-02,2013-12-10,17.27
300234,开尔新材,2011-07-02,2013-12-10,17.26
000007,零七股份,2011-07-02,2013-12-10,17.26
002342,巨力索具,2011-07-02,2013-12-10,17.22
002125,湘潭电化,2011-07-02,2013-12-10,17.22
300272,开能环保,2011-07-02,2013-12-10,17.21
300136,信维通信,2011-07-02,2013-12-10,17.2
000983,西山煤电,2011-07-02,2013-12-10,17.18
000056,深国商,2011-07-02,2013-12-10,17.14
002223,鱼跃医疗,2011-07-02,2013-12-10,17.12
600478,科力远,2011-07-02,2013-12-10,17.07
002205,国统股份,2011-07-02,2013-12-10,17.06
002341,新纶科技,2011-07-02,2013-12-10,17.06
600582,天地科技,2011-07-02,2013-12-10,17.05
002641,永高股份,2011-07-02,2013-12-10,17.05
600858,银座股份,2011-07-02,2013-12-10,17.03
600714,金瑞矿业,2011-07-02,2013-12-10,16.97
300116,坚瑞消防,2011-07-02,2013-12-10,16.96
002378,章源钨业,2011-07-02,2013-12-10,16.95
000528,柳    工,2011-07-02,2013-12-10,16.91
002325,洪涛股份,2011-07-02,2013-12-10,16.9
300310,宜通世纪,2011-07-02,2013-12-10,16.9
002227,奥 特 迅,2011-07-02,2013-12-10,16.88
601886,江河创建,2011-07-02,2013-12-10,16.86
300079,数码视讯,2011-07-02,2013-12-10,16.85
300111,向日葵,2011-07-02,2013-12-10,16.85
000962,东方钽业,2011-07-02,2013-12-10,16.82
002229,鸿博股份,2011-07-02,2013-12-10,16.81
000522,白云山Ａ,2011-07-02,2013-12-10,16.79
002319,乐通股份,2011-07-02,2013-12-10,16.79
002534,杭锅股份,2011-07-02,2013-12-10,16.78
300088,长信科技,2011-07-02,2013-12-10,16.77
002547,春兴精工,2011-07-02,2013-12-10,16.71
002662,京威股份,2011-07-02,2013-12-10,16.7
002459,*ST天业,2011-07-02,2013-12-10,16.69
601218,吉鑫科技,2011-07-02,2013-12-10,16.69
002382,蓝帆医疗,2011-07-02,2013-12-10,16.67
000562,宏源证券,2011-07-02,2013-12-10,16.64
300281,金明精机,2011-07-02,2013-12-10,16.61
300264,佳创视讯,2011-07-02,2013-12-10,16.6
002306,中科云网,2011-07-02,2013-12-10,16.6
002618,丹邦科技,2011-07-02,2013-12-10,16.59
002262,恩华药业,2011-07-02,2013-12-10,16.58
600988,赤峰黄金,2011-07-02,2013-12-10,16.58
002037,久联发展,2011-07-02,2013-12-10,16.56
300048,合康变频,2011-07-02,2013-12-10,16.53
300044,赛为智能,2011-07-02,2013-12-10,16.53
002536,西泵股份,2011-07-02,2013-12-10,16.52
002457,青龙管业,2011-07-02,2013-12-10,16.5
002020,京新药业,2011-07-02,2013-12-10,16.47
601100,恒立油缸,2011-07-02,2013-12-10,16.45
600497,驰宏锌锗,2011-07-02,2013-12-10,16.41
002158,汉钟精机,2011-07-02,2013-12-10,16.39
600585,海螺水泥,2011-07-02,2013-12-10,16.37
600875,东方电气,2011-07-02,2013-12-10,16.32
002001,新 和 成,2011-07-02,2013-12-10,16.32
000030,富奥股份,2011-07-02,2013-12-10,16.27
300292,吴通通讯,2011-07-02,2013-12-10,16.26
300297,蓝盾股份,2011-07-02,2013-12-10,16.25
300211,亿通科技,2011-07-02,2013-12-10,16.21
002272,川润股份,2011-07-02,2013-12-10,16.2
002296,辉煌科技,2011-07-02,2013-12-10,16.15
600588,用友软件,2011-07-02,2013-12-10,16.15
002261,拓维信息,2011-07-02,2013-12-10,16.14
601566,九牧王,2011-07-02,2013-12-10,16.12
600844,丹化科技,2011-07-02,2013-12-10,16.09
600508,上海能源,2011-07-02,2013-12-10,16.06
002041,登海种业,2011-07-02,2013-12-10,16.06
002625,龙生股份,2011-07-02,2013-12-10,16.05
002600,江粉磁材,2011-07-02,2013-12-10,16.04
002686,亿利达,2011-07-02,2013-12-10,16.03
002347,泰尔重工,2011-07-02,2013-12-10,16.02
600850,华东电脑,2011-07-02,2013-12-10,16.01
002465,海格通信,2011-07-02,2013-12-10,16.0
002049,同方国芯,2011-07-02,2013-12-10,16.0
002440,闰土股份,2011-07-02,2013-12-10,15.99
300046,台基股份,2011-07-02,2013-12-10,15.98
002498,汉缆股份,2011-07-02,2013-12-10,15.96
002688,金河生物,2011-07-02,2013-12-10,15.96
002617,露笑科技,2011-07-02,2013-12-10,15.94
002596,海南瑞泽,2011-07-02,2013-12-10,15.92
002370,亚太药业,2011-07-02,2013-12-10,15.91
002079,苏州固锝,2011-07-02,2013-12-10,15.91
002629,仁智油服,2011-07-02,2013-12-10,15.89
600141,兴发集团,2011-07-02,2013-12-10,15.86
000987,广州友谊,2011-07-02,2013-12-10,15.83
002634,棒杰股份,2011-07-02,2013-12-10,15.81
300348,长亮科技,2011-07-02,2013-12-10,15.77
300311,任子行,2011-07-02,2013-12-10,15.71
300254,仟源制药,2011-07-02,2013-12-10,15.7
300185,通裕重工,2011-07-02,2013-12-10,15.69
300063,天龙集团,2011-07-02,2013-12-10,15.68
002472,双环传动,2011-07-02,2013-12-10,15.68
600967,北方创业,2011-07-02,2013-12-10,15.68
002591,恒大高新,2011-07-02,2013-12-10,15.67
600773,西藏城投,2011-07-02,2013-12-10,15.66
600256,广汇能源,2011-07-02,2013-12-10,15.66
600066,宇通客车,2011-07-02,2013-12-10,15.66
300196,长海股份,2011-07-02,2013-12-10,15.64
002307,北新路桥,2011-07-02,2013-12-10,15.63
000995,皇台酒业,2011-07-02,2013-12-10,15.63
002611,东方精工,2011-07-02,2013-12-10,15.62
002645,华宏科技,2011-07-02,2013-12-10,15.62
600887,伊利股份,2011-07-02,2013-12-10,15.59
000988,华工科技,2011-07-02,2013-12-10,15.59
002117,东港股份,2011-07-02,2013-12-10,15.52
002421,达实智能,2011-07-02,2013-12-10,15.52
002376,新北洋,2011-07-02,2013-12-10,15.47
002033,丽江旅游,2011-07-02,2013-12-10,15.45
002590,万安科技,2011-07-02,2013-12-10,15.42
002425,凯撒股份,2011-07-02,2013-12-10,15.42
002643,烟台万润,2011-07-02,2013-12-10,15.42
300083,劲胜精密,2011-07-02,2013-12-10,15.39
002436,兴森科技,2011-07-02,2013-12-10,15.38
300144,宋城演艺,2011-07-02,2013-12-10,15.37
600422,昆明制药,2011-07-02,2013-12-10,15.37
600261,阳光照明,2011-07-02,2013-12-10,15.34
300232,洲明科技,2011-07-02,2013-12-10,15.33
600062,华润双鹤,2011-07-02,2013-12-10,15.33
600613,神奇制药,2011-07-02,2013-12-10,15.32
002111,威海广泰,2011-07-02,2013-12-10,15.32
002579,中京电子,2011-07-02,2013-12-10,15.3
600460,士兰微,2011-07-02,2013-12-10,15.25
002576,通达动力,2011-07-02,2013-12-10,15.21
002032,苏 泊 尔,2011-07-02,2013-12-10,15.16
000680,山推股份,2011-07-02,2013-12-10,15.15
300184,力源信息,2011-07-02,2013-12-10,15.15
000065,北方国际,2011-07-02,2013-12-10,15.15
300189,神农大丰,2011-07-02,2013-12-10,15.15
002497,雅化集团,2011-07-02,2013-12-10,15.14
300289,利德曼,2011-07-02,2013-12-10,15.12
002329,皇氏乳业,2011-07-02,2013-12-10,15.12
600157,永泰能源,2011-07-02,2013-12-10,15.12
002504,东光微电,2011-07-02,2013-12-10,15.1
300221,银禧科技,2011-07-02,2013-12-10,15.06
002631,德尔家居,2011-07-02,2013-12-10,15.04
002057,中钢天源,2011-07-02,2013-12-10,15.02
601088,中国神华,2011-07-02,2013-12-10,15.01
600432,吉恩镍业,2011-07-02,2013-12-10,15.0
002292,奥飞动漫,2011-07-02,2013-12-10,15.0
000024,招商地产,2011-07-02,2013-12-10,14.98
002350,北京科锐,2011-07-02,2013-12-10,14.97
600118,中国卫星,2011-07-02,2013-12-10,14.97
000671,阳 光 城,2011-07-02,2013-12-10,14.97
300100,双林股份,2011-07-02,2013-12-10,14.93
600375,华菱星马,2011-07-02,2013-12-10,14.89
300087,荃银高科,2011-07-02,2013-12-10,14.86
300036,超图软件,2011-07-02,2013-12-10,14.86
600771,广誉远,2011-07-02,2013-12-10,14.85
002613,北玻股份,2011-07-02,2013-12-10,14.84
600112,天成控股,2011-07-02,2013-12-10,14.84
000536,华映科技,2011-07-02,2013-12-10,14.84
000550,江铃汽车,2011-07-02,2013-12-10,14.83
300081,恒信移动,2011-07-02,2013-12-10,14.81
002548,金新农,2011-07-02,2013-12-10,14.79
000915,山大华特,2011-07-02,2013-12-10,14.78
002192,路翔股份,2011-07-02,2013-12-10,14.77
002496,辉丰股份,2011-07-02,2013-12-10,14.76
002661,克明面业,2011-07-02,2013-12-10,14.76
002595,豪迈科技,2011-07-02,2013-12-10,14.75
600038,哈飞股份,2011-07-02,2013-12-10,14.75
000723,美锦能源,2011-07-02,2013-12-10,14.73
300290,荣科科技,2011-07-02,2013-12-10,14.72
000001,平安银行,2011-07-02,2013-12-10,14.7
300103,达刚路机,2011-07-02,2013-12-10,14.69
600318,巢东股份,2011-07-02,2013-12-10,14.68
000042,中洲控股,2011-07-02,2013-12-10,14.67
002581,万昌科技,2011-07-02,2013-12-10,14.67
002609,捷顺科技,2011-07-02,2013-12-10,14.66
300227,光韵达,2011-07-02,2013-12-10,14.66
300008,上海佳豪,2011-07-02,2013-12-10,14.65
600980,北矿磁材,2011-07-02,2013-12-10,14.64
000911,南宁糖业,2011-07-02,2013-12-10,14.64
300040,九洲电气,2011-07-02,2013-12-10,14.64
300230,永利带业,2011-07-02,2013-12-10,14.64
300001,特锐德,2011-07-02,2013-12-10,14.63
000969,安泰科技,2011-07-02,2013-12-10,14.61
300131,英唐智控,2011-07-02,2013-12-10,14.6
600252,中恒集团,2011-07-02,2013-12-10,14.52
300068,南都电源,2011-07-02,2013-12-10,14.52
600143,金发科技,2011-07-02,2013-12-10,14.51
002373,千方科技,2011-07-02,2013-12-10,14.5
002019,鑫富药业,2011-07-02,2013-12-10,14.46
002323,中联电气,2011-07-02,2013-12-10,14.45
002481,双塔食品,2011-07-02,2013-12-10,14.44
002507,涪陵榨菜,2011-07-02,2013-12-10,14.43
600704,物产中大,2011-07-02,2013-12-10,14.38
002531,天顺风能,2011-07-02,2013-12-10,14.36
600487,亨通光电,2011-07-02,2013-12-10,14.35
002655,共达电声,2011-07-02,2013-12-10,14.34
300130,新国都,2011-07-02,2013-12-10,14.33
002166,莱茵生物,2011-07-02,2013-12-10,14.27
002583,海能达,2011-07-02,2013-12-10,14.26
601010,文峰股份,2011-07-02,2013-12-10,14.25
002139,拓邦股份,2011-07-02,2013-12-10,14.24
600195,中牧股份,2011-07-02,2013-12-10,14.22
300012,华测检测,2011-07-02,2013-12-10,14.22
002005,德豪润达,2011-07-02,2013-12-10,14.2
300354,东华测试,2011-07-02,2013-12-10,14.19
002168,深圳惠程,2011-07-02,2013-12-10,14.19
603001,奥康国际,2011-07-02,2013-12-10,14.18
002512,达华智能,2011-07-02,2013-12-10,14.14
002140,东华科技,2011-07-02,2013-12-10,14.09
300325,德威新材,2011-07-02,2013-12-10,14.09
000635,英 力 特,2011-07-02,2013-12-10,14.09
601012,隆基股份,2011-07-02,2013-12-10,14.08
002179,中航光电,2011-07-02,2013-12-10,14.07
000026,飞亚达Ａ,2011-07-02,2013-12-10,14.06
002414,高德红外,2011-07-02,2013-12-10,14.05
300278,华昌达,2011-07-02,2013-12-10,14.05
300333,兆日科技,2011-07-02,2013-12-10,14.01
300045,华力创通,2011-07-02,2013-12-10,13.99
002587,奥拓电子,2011-07-02,2013-12-10,13.98
300140,启源装备,2011-07-02,2013-12-10,13.94
300020,银江股份,2011-07-02,2013-12-10,13.93
300078,中瑞思创,2011-07-02,2013-12-10,13.91
000009,中国宝安,2011-07-02,2013-12-10,13.89
000010,深华新,2011-07-02,2013-12-10,13.89
600367,红星发展,2011-07-02,2013-12-10,13.86
002523,天桥起重,2011-07-02,2013-12-10,13.83
000893,东凌粮油,2011-07-02,2013-12-10,13.82
000878,云南铜业,2011-07-02,2013-12-10,13.8
601616,广电电气,2011-07-02,2013-12-10,13.77
300233,金城医药,2011-07-02,2013-12-10,13.76
002675,东诚药业,2011-07-02,2013-12-10,13.76
002129,中环股份,2011-07-02,2013-12-10,13.74
600810,神马股份,2011-07-02,2013-12-10,13.7
002519,银河电子,2011-07-02,2013-12-10,13.7
300163,先锋新材,2011-07-02,2013-12-10,13.7
002412,汉森制药,2011-07-02,2013-12-10,13.69
002529,海源机械,2011-07-02,2013-12-10,13.69
002346,柘中建设,2011-07-02,2013-12-10,13.68
300066,三川股份,2011-07-02,2013-12-10,13.67
600060,海信电器,2011-07-02,2013-12-10,13.67
600550,*ST天威,2011-07-02,2013-12-10,13.66
002564,张化机,2011-07-02,2013-12-10,13.65
300003,乐普医疗,2011-07-02,2013-12-10,13.65
002128,露天煤业,2011-07-02,2013-12-10,13.64
002221,东华能源,2011-07-02,2013-12-10,13.62
601567,三星电气,2011-07-02,2013-12-10,13.62
601519,大智慧,2011-07-02,2013-12-10,13.62
600523,贵航股份,2011-07-02,2013-12-10,13.62
300353,东土科技,2011-07-02,2013-12-10,13.61
002476,宝莫股份,2011-07-02,2013-12-10,13.61
601113,华鼎股份,2011-07-02,2013-12-10,13.59
002199,东晶电子,2011-07-02,2013-12-10,13.59
002254,泰和新材,2011-07-02,2013-12-10,13.55
000848,承德露露,2011-07-02,2013-12-10,13.54
000880,潍柴重机,2011-07-02,2013-12-10,13.52
002171,精诚铜业,2011-07-02,2013-12-10,13.52
000039,中集集团,2011-07-02,2013-12-10,13.52
300213,佳讯飞鸿,2011-07-02,2013-12-10,13.5
300329,海伦钢琴,2011-07-02,2013-12-10,13.5
000729,燕京啤酒,2011-07-02,2013-12-10,13.49
000050,深天马Ａ,2011-07-02,2013-12-10,13.48
002195,海隆软件,2011-07-02,2013-12-10,13.44
600458,时代新材,2011-07-02,2013-12-10,13.42
002095,生 意 宝,2011-07-02,2013-12-10,13.4
300296,利亚德,2011-07-02,2013-12-10,13.39
002659,中泰桥梁,2011-07-02,2013-12-10,13.39
002479,富春环保,2011-07-02,2013-12-10,13.38
300308,中际装备,2011-07-02,2013-12-10,13.38
002441,众业达,2011-07-02,2013-12-10,13.37
002505,大康牧业,2011-07-02,2013-12-10,13.37
600997,开滦股份,2011-07-02,2013-12-10,13.36
000760,斯太尔,2011-07-02,2013-12-10,13.35
002302,西部建设,2011-07-02,2013-12-10,13.35
600295,鄂尔多斯,2011-07-02,2013-12-10,13.34
300178,腾邦国际,2011-07-02,2013-12-10,13.33
300110,华仁药业,2011-07-02,2013-12-10,13.33
002220,天宝股份,2011-07-02,2013-12-10,13.33
300299,富春通信,2011-07-02,2013-12-10,13.32
000655,金岭矿业,2011-07-02,2013-12-10,13.31
600201,金宇集团,2011-07-02,2013-12-10,13.31
300282,汇冠股份,2011-07-02,2013-12-10,13.31
002651,利君股份,2011-07-02,2013-12-10,13.3
300200,高盟新材,2011-07-02,2013-12-10,13.29
600784,鲁银投资,2011-07-02,2013-12-10,13.29
600419,天润乳业,2011-07-02,2013-12-10,13.27
002036,宜科科技,2011-07-02,2013-12-10,13.26
002091,江苏国泰,2011-07-02,2013-12-10,13.23
600262,北方股份,2011-07-02,2013-12-10,13.22
300005,探路者,2011-07-02,2013-12-10,13.22
000061,农 产 品,2011-07-02,2013-12-10,13.2
300107,建新股份,2011-07-02,2013-12-10,13.2
600816,安信信托,2011-07-02,2013-12-10,13.19
601222,林洋电子,2011-07-02,2013-12-10,13.18
002437,誉衡药业,2011-07-02,2013-12-10,13.18
000777,中核科技,2011-07-02,2013-12-10,13.17
000563,陕国投Ａ,2011-07-02,2013-12-10,13.17
600199,金种子酒,2011-07-02,2013-12-10,13.16
600397,安源煤业,2011-07-02,2013-12-10,13.16
002116,中国海诚,2011-07-02,2013-12-10,13.16
002633,申科股份,2011-07-02,2013-12-10,13.16
002238,天威视讯,2011-07-02,2013-12-10,13.15
002666,德联集团,2011-07-02,2013-12-10,13.14
600765,中航重机,2011-07-02,2013-12-10,13.14
002364,中恒电气,2011-07-02,2013-12-10,13.11
000651,格力电器,2011-07-02,2013-12-10,13.11
000617,石油济柴,2011-07-02,2013-12-10,13.08
600113,浙江东日,2011-07-02,2013-12-10,13.07
002093,国脉科技,2011-07-02,2013-12-10,13.06
002268,卫 士 通,2011-07-02,2013-12-10,13.06
600563,法拉电子,2011-07-02,2013-12-10,13.04
002387,黑牛食品,2011-07-02,2013-12-10,13.04
300302,同有科技,2011-07-02,2013-12-10,13.04
600862,南通科技,2011-07-02,2013-12-10,13.01
002615,哈尔斯,2011-07-02,2013-12-10,13.01
300356,光一科技,2011-07-02,2013-12-10,13.0
002138,顺络电子,2011-07-02,2013-12-10,12.99
300089,长城集团,2011-07-02,2013-12-10,12.98
002532,新界泵业,2011-07-02,2013-12-10,12.98
002052,同洲电子,2011-07-02,2013-12-10,12.97
600475,华光股份,2011-07-02,2013-12-10,12.94
002535,林州重机,2011-07-02,2013-12-10,12.93
600343,航天动力,2011-07-02,2013-12-10,12.93
600086,东方金钰,2011-07-02,2013-12-10,12.9
000933,神火股份,2011-07-02,2013-12-10,12.9
300344,太空板业,2011-07-02,2013-12-10,12.88
300322,硕贝德,2011-07-02,2013-12-10,12.88
000928,*ST吉炭,2011-07-02,2013-12-10,12.87
600172,黄河旋风,2011-07-02,2013-12-10,12.84
600750,江中药业,2011-07-02,2013-12-10,12.84
601958,金钼股份,2011-07-02,2013-12-10,12.82
002630,华西能源,2011-07-02,2013-12-10,12.82
002616,长青集团,2011-07-02,2013-12-10,12.81
600827,百联股份,2011-07-02,2013-12-10,12.81
600697,欧亚集团,2011-07-02,2013-12-10,12.78
600200,江苏吴中,2011-07-02,2013-12-10,12.78
002530,丰东股份,2011-07-02,2013-12-10,12.77
002012,凯恩股份,2011-07-02,2013-12-10,12.76
600390,金瑞科技,2011-07-02,2013-12-10,12.76
300092,科新机电,2011-07-02,2013-12-10,12.75
300351,永贵电器,2011-07-02,2013-12-10,12.75
000650,仁和药业,2011-07-02,2013-12-10,12.75
002065,东华软件,2011-07-02,2013-12-10,12.74
600063,皖维高新,2011-07-02,2013-12-10,12.71
300086,康芝药业,2011-07-02,2013-12-10,12.71
300193,佳士科技,2011-07-02,2013-12-10,12.71
600961,株冶集团,2011-07-02,2013-12-10,12.7
002149,西部材料,2011-07-02,2013-12-10,12.69
300033,同花顺,2011-07-02,2013-12-10,12.65
600426,华鲁恒升,2011-07-02,2013-12-10,12.65
300323,华灿光电,2011-07-02,2013-12-10,12.63
002554,惠博普,2011-07-02,2013-12-10,12.62
002160,*ST常铝,2011-07-02,2013-12-10,12.62
600366,宁波韵升,2011-07-02,2013-12-10,12.59
000426,兴业矿业,2011-07-02,2013-12-10,12.58
600056,中国医药,2011-07-02,2013-12-10,12.55
300071,华谊嘉信,2011-07-02,2013-12-10,12.53
002267,陕天然气,2011-07-02,2013-12-10,12.52
002066,瑞泰科技,2011-07-02,2013-12-10,12.49
002147,方圆支承,2011-07-02,2013-12-10,12.45
600306,*ST商城,2011-07-02,2013-12-10,12.43
002553,南方轴承,2011-07-02,2013-12-10,12.41
002374,丽鹏股份,2011-07-02,2013-12-10,12.41
300119,瑞普生物,2011-07-02,2013-12-10,12.4
002336,人人乐,2011-07-02,2013-12-10,12.38
002696,百洋股份,2011-07-02,2013-12-10,12.35
600079,人福医药,2011-07-02,2013-12-10,12.34
600763,通策医疗,2011-07-02,2013-12-10,12.34
002575,群兴玩具,2011-07-02,2013-12-10,12.34
600969,郴电国际,2011-07-02,2013-12-10,12.33
601011,宝泰隆,2011-07-02,2013-12-10,12.33
002654,万润科技,2011-07-02,2013-12-10,12.31
002131,利欧股份,2011-07-02,2013-12-10,12.31
600135,乐凯胶片,2011-07-02,2013-12-10,12.3
300016,北陆药业,2011-07-02,2013-12-10,12.3
600618,氯碱化工,2011-07-02,2013-12-10,12.26
000795,太原刚玉,2011-07-02,2013-12-10,12.26
600962,国投中鲁,2011-07-02,2013-12-10,12.25
601001,大同煤业,2011-07-02,2013-12-10,12.25
600292,中电远达,2011-07-02,2013-12-10,12.25
000789,江西水泥,2011-07-02,2013-12-10,12.23
002452,长高集团,2011-07-02,2013-12-10,12.23
300018,中元华电,2011-07-02,2013-12-10,12.22
002003,伟星股份,2011-07-02,2013-12-10,12.22
002130,沃尔核材,2011-07-02,2013-12-10,12.21
600371,万向德农,2011-07-02,2013-12-10,12.21
002527,新时达,2011-07-02,2013-12-10,12.2
002381,双箭股份,2011-07-02,2013-12-10,12.2
002379,鲁丰环保,2011-07-02,2013-12-10,12.19
000831,五矿稀土,2011-07-02,2013-12-10,12.18
000503,海虹控股,2011-07-02,2013-12-10,12.16
600193,创兴资源,2011-07-02,2013-12-10,12.16
000786,北新建材,2011-07-02,2013-12-10,12.14
600536,中国软件,2011-07-02,2013-12-10,12.13
002390,信邦制药,2011-07-02,2013-12-10,12.13
002417,三元达,2011-07-02,2013-12-10,12.12
600794,保税科技,2011-07-02,2013-12-10,12.12
600345,长江通信,2011-07-02,2013-12-10,12.11
600310,桂东电力,2011-07-02,2013-12-10,12.1
002165,红 宝 丽,2011-07-02,2013-12-10,12.09
002544,杰赛科技,2011-07-02,2013-12-10,12.08
002471,中超电缆,2011-07-02,2013-12-10,12.06
300095,华伍股份,2011-07-02,2013-12-10,12.06
002286,保龄宝,2011-07-02,2013-12-10,12.05
600373,中文传媒,2011-07-02,2013-12-10,12.05
600610,S*ST中纺,2011-07-02,2013-12-10,12.05
300170,汉得信息,2011-07-02,2013-12-10,12.05
002101,广东鸿图,2011-07-02,2013-12-10,12.05
600170,上海建工,2011-07-02,2013-12-10,12.05
600233,大杨创世,2011-07-02,2013-12-10,12.04
002521,齐峰新材,2011-07-02,2013-12-10,12.03
601678,滨化股份,2011-07-02,2013-12-10,12.02
300091,金通灵,2011-07-02,2013-12-10,12.0
000819,岳阳兴长,2011-07-02,2013-12-10,11.96
300114,中航电测,2011-07-02,2013-12-10,11.94
002569,步森股份,2011-07-02,2013-12-10,11.93
002411,九九久,2011-07-02,2013-12-10,11.92
600884,杉杉股份,2011-07-02,2013-12-10,11.9
002368,太极股份,2011-07-02,2013-12-10,11.88
002429,兆驰股份,2011-07-02,2013-12-10,11.88
002063,远光软件,2011-07-02,2013-12-10,11.87
300192,科斯伍德,2011-07-02,2013-12-10,11.87
600101,明星电力,2011-07-02,2013-12-10,11.84
300207,欣旺达,2011-07-02,2013-12-10,11.82
300318,博晖创新,2011-07-02,2013-12-10,11.8
300279,和晶科技,2011-07-02,2013-12-10,11.78
600230,沧州大化,2011-07-02,2013-12-10,11.77
601002,晋亿实业,2011-07-02,2013-12-10,11.77
600051,宁波联合,2011-07-02,2013-12-10,11.75
600459,贵研铂业,2011-07-02,2013-12-10,11.74
000711,天伦置业,2011-07-02,2013-12-10,11.71
600713,南京医药,2011-07-02,2013-12-10,11.71
300135,宝利沥青,2011-07-02,2013-12-10,11.71
600482,风帆股份,2011-07-02,2013-12-10,11.71
300031,宝通带业,2011-07-02,2013-12-10,11.69
000697,炼石有色,2011-07-02,2013-12-10,11.69
000876,新 希 望,2011-07-02,2013-12-10,11.68
601677,明泰铝业,2011-07-02,2013-12-10,11.67
002490,山东墨龙,2011-07-02,2013-12-10,11.67
300061,康耐特,2011-07-02,2013-12-10,11.66
300097,智云股份,2011-07-02,2013-12-10,11.64
002667,鞍重股份,2011-07-02,2013-12-10,11.64
000885,同力水泥,2011-07-02,2013-12-10,11.62
002486,嘉麟杰,2011-07-02,2013-12-10,11.62
600664,哈药股份,2011-07-02,2013-12-10,11.61
000156,华数传媒,2011-07-02,2013-12-10,11.61
002454,松芝股份,2011-07-02,2013-12-10,11.59
002468,艾迪西,2011-07-02,2013-12-10,11.59
000973,佛塑科技,2011-07-02,2013-12-10,11.58
000605,渤海股份,2011-07-02,2013-12-10,11.56
300013,新宁物流,2011-07-02,2013-12-10,11.55
600311,荣华实业,2011-07-02,2013-12-10,11.55
000597,东北制药,2011-07-02,2013-12-10,11.54
002328,新朋股份,2011-07-02,2013-12-10,11.51
000925,众合机电,2011-07-02,2013-12-10,11.51
002248,*ST东数,2011-07-02,2013-12-10,11.5
002068,黑猫股份,2011-07-02,2013-12-10,11.49
000712,锦龙股份,2011-07-02,2013-12-10,11.47
601992,金隅股份,2011-07-02,2013-12-10,11.44
601126,四方股份,2011-07-02,2013-12-10,11.44
002280,新世纪,2011-07-02,2013-12-10,11.44
300132,青松股份,2011-07-02,2013-12-10,11.4
000852,江钻股份,2011-07-02,2013-12-10,11.39
600720,祁连山,2011-07-02,2013-12-10,11.39
600873,梅花生物,2011-07-02,2013-12-10,11.38
002391,长青股份,2011-07-02,2013-12-10,11.38
601799,星宇股份,2011-07-02,2013-12-10,11.37
300025,华星创业,2011-07-02,2013-12-10,11.37
000780,平庄能源,2011-07-02,2013-12-10,11.37
600031,三一重工,2011-07-02,2013-12-10,11.36
002233,塔牌集团,2011-07-02,2013-12-10,11.36
002301,齐心文具,2011-07-02,2013-12-10,11.35
002218,拓日新能,2011-07-02,2013-12-10,11.34
300009,安科生物,2011-07-02,2013-12-10,11.33
000012,南  玻Ａ,2011-07-02,2013-12-10,11.33
300145,南方泵业,2011-07-02,2013-12-10,11.3
002455,百川股份,2011-07-02,2013-12-10,11.29
300337,银邦股份,2011-07-02,2013-12-10,11.28
002619,巨龙管业,2011-07-02,2013-12-10,11.28
002406,远东传动,2011-07-02,2013-12-10,11.27
000790,华神集团,2011-07-02,2013-12-10,11.27
300073,当升科技,2011-07-02,2013-12-10,11.27
002494,华斯股份,2011-07-02,2013-12-10,11.27
600299,*ST新材,2011-07-02,2013-12-10,11.26
002177,御银股份,2011-07-02,2013-12-10,11.25
300186,大华农,2011-07-02,2013-12-10,11.24
000507,珠海港,2011-07-02,2013-12-10,11.22
000551,创元科技,2011-07-02,2013-12-10,11.21
002398,建研集团,2011-07-02,2013-12-10,11.2
601599,鹿港科技,2011-07-02,2013-12-10,11.2
000540,中天城投,2011-07-02,2013-12-10,11.19
600581,八一钢铁,2011-07-02,2013-12-10,11.17
600815,厦工股份,2011-07-02,2013-12-10,11.17
600976,武汉健民,2011-07-02,2013-12-10,11.17
000612,焦作万方,2011-07-02,2013-12-10,11.17
300267,尔康制药,2011-07-02,2013-12-10,11.15
000659,*ST中富,2011-07-02,2013-12-10,11.13
000708,大冶特钢,2011-07-02,2013-12-10,11.1
300153,科泰电源,2011-07-02,2013-12-10,11.1
000629,攀钢钒钛,2011-07-02,2013-12-10,11.08
002202,金风科技,2011-07-02,2013-12-10,11.08
000951,中国重汽,2011-07-02,2013-12-10,11.08
002464,金利科技,2011-07-02,2013-12-10,11.07
002367,康力电梯,2011-07-02,2013-12-10,11.05
600326,西藏天路,2011-07-02,2013-12-10,11.05
600703,三安光电,2011-07-02,2013-12-10,11.03
600502,安徽水利,2011-07-02,2013-12-10,11.02
002115,三维通信,2011-07-02,2013-12-10,10.99
002094,青岛金王,2011-07-02,2013-12-10,10.98
300123,太阳鸟,2011-07-02,2013-12-10,10.97
000157,中联重科,2011-07-02,2013-12-10,10.97
002215,诺 普 信,2011-07-02,2013-12-10,10.95
600240,华业地产,2011-07-02,2013-12-10,10.95
002644,佛慈制药,2011-07-02,2013-12-10,10.91
002246,北化股份,2011-07-02,2013-12-10,10.91
600088,中视传媒,2011-07-02,2013-12-10,10.9
002318,久立特材,2011-07-02,2013-12-10,10.89
000861,海印股份,2011-07-02,2013-12-10,10.88
002361,神剑股份,2011-07-02,2013-12-10,10.88
002627,宜昌交运,2011-07-02,2013-12-10,10.88
002699,美盛文化,2011-07-02,2013-12-10,10.86
300137,先河环保,2011-07-02,2013-12-10,10.85
300051,三五互联,2011-07-02,2013-12-10,10.85
600152,维科精华,2011-07-02,2013-12-10,10.82
600633,浙报传媒,2011-07-02,2013-12-10,10.82
600600,青岛啤酒,2011-07-02,2013-12-10,10.81
000501,鄂武商Ａ,2011-07-02,2013-12-10,10.8
002330,得利斯,2011-07-02,2013-12-10,10.78
002282,博深工具,2011-07-02,2013-12-10,10.77
002287,奇正藏药,2011-07-02,2013-12-10,10.77
002679,福建金森,2011-07-02,2013-12-10,10.77
002524,光正集团,2011-07-02,2013-12-10,10.76
600520,中发科技,2011-07-02,2013-12-10,10.75
600338,西藏珠峰,2011-07-02,2013-12-10,10.75
300120,经纬电材,2011-07-02,2013-12-10,10.75
600331,宏达股份,2011-07-02,2013-12-10,10.74
600740,山西焦化,2011-07-02,2013-12-10,10.74
600999,招商证券,2011-07-02,2013-12-10,10.73
002102,冠福股份,2011-07-02,2013-12-10,10.72
000779,*ST派神,2011-07-02,2013-12-10,10.72
601996,丰林集团,2011-07-02,2013-12-10,10.72
300312,邦讯技术,2011-07-02,2013-12-10,10.71
600277,亿利能源,2011-07-02,2013-12-10,10.71
002297,博云新材,2011-07-02,2013-12-10,10.71
600114,东睦股份,2011-07-02,2013-12-10,10.69
300242,明家科技,2011-07-02,2013-12-10,10.69
002432,九安医疗,2011-07-02,2013-12-10,10.68
600792,云煤能源,2011-07-02,2013-12-10,10.68
002283,天润曲轴,2011-07-02,2013-12-10,10.68
600290,华仪电气,2011-07-02,2013-12-10,10.66
000547,闽福发Ａ,2011-07-02,2013-12-10,10.65
002311,海大集团,2011-07-02,2013-12-10,10.65
600410,华胜天成,2011-07-02,2013-12-10,10.64
600077,宋都股份,2011-07-02,2013-12-10,10.63
600656,博元投资,2011-07-02,2013-12-10,10.63
002276,万马股份,2011-07-02,2013-12-10,10.63
600446,金证股份,2011-07-02,2013-12-10,10.63
002402,和而泰,2011-07-02,2013-12-10,10.62
002664,信质电机,2011-07-02,2013-12-10,10.62
601137,博威合金,2011-07-02,2013-12-10,10.61
002495,佳隆股份,2011-07-02,2013-12-10,10.6
002352,鼎泰新材,2011-07-02,2013-12-10,10.59
002356,浩宁达,2011-07-02,2013-12-10,10.57
002080,中材科技,2011-07-02,2013-12-10,10.56
600107,美尔雅,2011-07-02,2013-12-10,10.56
601168,西部矿业,2011-07-02,2013-12-10,10.54
300057,万顺股份,2011-07-02,2013-12-10,10.53
600499,科达洁能,2011-07-02,2013-12-10,10.53
600137,浪莎股份,2011-07-02,2013-12-10,10.51
002196,方正电机,2011-07-02,2013-12-10,10.47
002114,罗平锌电,2011-07-02,2013-12-10,10.46
600558,大西洋,2011-07-02,2013-12-10,10.46
002299,圣农发展,2011-07-02,2013-12-10,10.46
600705,中航资本,2011-07-02,2013-12-10,10.46
002446,盛路通信,2011-07-02,2013-12-10,10.46
000939,凯迪电力,2011-07-02,2013-12-10,10.46
000043,中航地产,2011-07-02,2013-12-10,10.45
000860,顺鑫农业,2011-07-02,2013-12-10,10.43
601231,环旭电子,2011-07-02,2013-12-10,10.43
002014,永新股份,2011-07-02,2013-12-10,10.43
002694,顾地科技,2011-07-02,2013-12-10,10.43
002187,广百股份,2011-07-02,2013-12-10,10.41
002650,加加食品,2011-07-02,2013-12-10,10.39
002089,新 海 宜,2011-07-02,2013-12-10,10.38
002146,荣盛发展,2011-07-02,2013-12-10,10.38
002009,天奇股份,2011-07-02,2013-12-10,10.36
002558,世纪游轮,2011-07-02,2013-12-10,10.36
600284,浦东建设,2011-07-02,2013-12-10,10.36
002086,东方海洋,2011-07-02,2013-12-10,10.35
300043,互动娱乐,2011-07-02,2013-12-10,10.35
002560,通达股份,2011-07-02,2013-12-10,10.34
002271,东方雨虹,2011-07-02,2013-12-10,10.34
000523,广州浪奇,2011-07-02,2013-12-10,10.32
002235,安妮股份,2011-07-02,2013-12-10,10.32
002360,同德化工,2011-07-02,2013-12-10,10.32
600891,秋林集团,2011-07-02,2013-12-10,10.3
300038,梅泰诺,2011-07-02,2013-12-10,10.3
300129,泰胜风能,2011-07-02,2013-12-10,10.3
603366,日出东方,2011-07-02,2013-12-10,10.29
002207,准油股份,2011-07-02,2013-12-10,10.29
300019,硅宝科技,2011-07-02,2013-12-10,10.28
600339,天利高新,2011-07-02,2013-12-10,10.28
000982,中银绒业,2011-07-02,2013-12-10,10.27
600218,全柴动力,2011-07-02,2013-12-10,10.27
002285,世联行,2011-07-02,2013-12-10,10.27
600116,三峡水利,2011-07-02,2013-12-10,10.26
002681,奋达科技,2011-07-02,2013-12-10,10.26
002522,浙江众成,2011-07-02,2013-12-10,10.25
002189,利达光电,2011-07-02,2013-12-10,10.23
002121,科陆电子,2011-07-02,2013-12-10,10.23
300154,瑞凌股份,2011-07-02,2013-12-10,10.21
600841,上柴股份,2011-07-02,2013-12-10,10.21
300151,昌红科技,2011-07-02,2013-12-10,10.19
002197,证通电子,2011-07-02,2013-12-10,10.19
002461,珠江啤酒,2011-07-02,2013-12-10,10.18
002372,伟星新材,2011-07-02,2013-12-10,10.17
002386,天原集团,2011-07-02,2013-12-10,10.17
600973,宝胜股份,2011-07-02,2013-12-10,10.17
002203,海亮股份,2011-07-02,2013-12-10,10.16
600673,东阳光科,2011-07-02,2013-12-10,10.15
300010,立思辰,2011-07-02,2013-12-10,10.14
600733,S前锋,2011-07-02,2013-12-10,10.14
600648,外高桥,2011-07-02,2013-12-10,10.13
600513,联环药业,2011-07-02,2013-12-10,10.11
002639,雪人股份,2011-07-02,2013-12-10,10.08
000901,航天科技,2011-07-02,2013-12-10,10.07
600335,国机汽车,2011-07-02,2013-12-10,10.07
000525,红 太 阳,2011-07-02,2013-12-10,10.06
000727,华东科技,2011-07-02,2013-12-10,10.06
000541,佛山照明,2011-07-02,2013-12-10,10.05
600359,新农开发,2011-07-02,2013-12-10,10.03
600521,华海药业,2011-07-02,2013-12-10,10.03
002599,盛通股份,2011-07-02,2013-12-10,10.01
002365,永安药业,2011-07-02,2013-12-10,10.01
600330,天通股份,2011-07-02,2013-12-10,10.0
600804,鹏博士,2011-07-02,2013-12-10,10.0
002017,东信和平,2011-07-02,2013-12-10,9.99
601877,正泰电器,2011-07-02,2013-12-10,9.99
002225,濮耐股份,2011-07-02,2013-12-10,9.98
002343,禾欣股份,2011-07-02,2013-12-10,9.97
002051,中工国际,2011-07-02,2013-12-10,9.96
002692,远程电缆,2011-07-02,2013-12-10,9.96
600684,珠江实业,2011-07-02,2013-12-10,9.95
002247,帝龙新材,2011-07-02,2013-12-10,9.93
002206,海 利 得,2011-07-02,2013-12-10,9.92
002132,恒星科技,2011-07-02,2013-12-10,9.91
300007,汉威电子,2011-07-02,2013-12-10,9.91
002451,摩恩电气,2011-07-02,2013-12-10,9.91
002213,特 尔 佳,2011-07-02,2013-12-10,9.9
601989,中国重工,2011-07-02,2013-12-10,9.9
002698,博实股份,2011-07-02,2013-12-10,9.89
600420,现代制药,2011-07-02,2013-12-10,9.88
300236,上海新阳,2011-07-02,2013-12-10,9.88
002320,海峡股份,2011-07-02,2013-12-10,9.87
300023,宝德股份,2011-07-02,2013-12-10,9.87
000713,丰乐种业,2011-07-02,2013-12-10,9.87
300173,松德股份,2011-07-02,2013-12-10,9.86
002561,徐家汇,2011-07-02,2013-12-10,9.86
002593,日上集团,2011-07-02,2013-12-10,9.86
002217,*ST合泰,2011-07-02,2013-12-10,9.85
600283,钱江水利,2011-07-02,2013-12-10,9.83
002023,海特高新,2011-07-02,2013-12-10,9.83
002270,法因数控,2011-07-02,2013-12-10,9.82
600768,宁波富邦,2011-07-02,2013-12-10,9.78
601888,中国国旅,2011-07-02,2013-12-10,9.78
600128,弘业股份,2011-07-02,2013-12-10,9.78
300335,迪森股份,2011-07-02,2013-12-10,9.77
002060,粤 水 电,2011-07-02,2013-12-10,9.77
002695,煌上煌,2011-07-02,2013-12-10,9.77
600485,中创信测,2011-07-02,2013-12-10,9.77
600161,天坛生物,2011-07-02,2013-12-10,9.74
600268,国电南自,2011-07-02,2013-12-10,9.73
600749,西藏旅游,2011-07-02,2013-12-10,9.73
600293,三峡新材,2011-07-02,2013-12-10,9.72
000900,现代投资,2011-07-02,2013-12-10,9.71
002154,报 喜 鸟,2011-07-02,2013-12-10,9.71
000686,东北证券,2011-07-02,2013-12-10,9.7
002243,通产丽星,2011-07-02,2013-12-10,9.7
000418,小天鹅Ａ,2011-07-02,2013-12-10,9.7
000506,中润资源,2011-07-02,2013-12-10,9.69
002122,天马股份,2011-07-02,2013-12-10,9.69
600828,成商集团,2011-07-02,2013-12-10,9.68
002314,雅致股份,2011-07-02,2013-12-10,9.66
000800,一汽轿车,2011-07-02,2013-12-10,9.66
600975,新五丰,2011-07-02,2013-12-10,9.65
600187,国中水务,2011-07-02,2013-12-10,9.65
600760,中航黑豹,2011-07-02,2013-12-10,9.65
002182,云海金属,2011-07-02,2013-12-10,9.64
600644,乐山电力,2011-07-02,2013-12-10,9.62
002394,联发股份,2011-07-02,2013-12-10,9.62
000685,中山公用,2011-07-02,2013-12-10,9.62
300328,宜安科技,2011-07-02,2013-12-10,9.61
000519,江南红箭,2011-07-02,2013-12-10,9.59
600337,美克家居,2011-07-02,2013-12-10,9.59
002533,金杯电工,2011-07-02,2013-12-10,9.59
600381,*ST贤成,2011-07-02,2013-12-10,9.59
600276,恒瑞医药,2011-07-02,2013-12-10,9.58
600109,国金证券,2011-07-02,2013-12-10,9.56
601890,亚星锚链,2011-07-02,2013-12-10,9.56
600707,彩虹股份,2011-07-02,2013-12-10,9.55
002491,通鼎光电,2011-07-02,2013-12-10,9.54
000788,北大医药,2011-07-02,2013-12-10,9.53
300117,嘉寓股份,2011-07-02,2013-12-10,9.52
000739,普洛药业,2011-07-02,2013-12-10,9.51
300321,同大股份,2011-07-02,2013-12-10,9.51
000837,秦川发展,2011-07-02,2013-12-10,9.49
600260,凯乐科技,2011-07-02,2013-12-10,9.48
002510,天汽模,2011-07-02,2013-12-10,9.47
002316,键桥通讯,2011-07-02,2013-12-10,9.44
000996,中国中期,2011-07-02,2013-12-10,9.44
000527,美的电器,2011-07-02,2013-12-10,9.44
000626,如意集团,2011-07-02,2013-12-10,9.43
601377,兴业证券,2011-07-02,2013-12-10,9.42
000802,北京旅游,2011-07-02,2013-12-10,9.41
000059,华锦股份,2011-07-02,2013-12-10,9.41
000415,渤海租赁,2011-07-02,2013-12-10,9.4
600481,双良节能,2011-07-02,2013-12-10,9.4
600893,航空动力,2011-07-02,2013-12-10,9.39
000695,滨海能源,2011-07-02,2013-12-10,9.38
600211,西藏药业,2011-07-02,2013-12-10,9.38
601177,杭齿前进,2011-07-02,2013-12-10,9.37
000755,*ST三维,2011-07-02,2013-12-10,9.35
000989,九 芝 堂,2011-07-02,2013-12-10,9.34
002369,卓翼科技,2011-07-02,2013-12-10,9.34
300304,云意电气,2011-07-02,2013-12-10,9.33
002088,鲁阳股份,2011-07-02,2013-12-10,9.33
600258,首旅酒店,2011-07-02,2013-12-10,9.32
601666,平煤股份,2011-07-02,2013-12-10,9.32
600480,凌云股份,2011-07-02,2013-12-10,9.31
600511,国药股份,2011-07-02,2013-12-10,9.3
600209,罗顿发展,2011-07-02,2013-12-10,9.29
000159,国际实业,2011-07-02,2013-12-10,9.28
000823,超声电子,2011-07-02,2013-12-10,9.26
600055,华润万东,2011-07-02,2013-12-10,9.26
601166,兴业银行,2011-07-02,2013-12-10,9.25
600867,通化东宝,2011-07-02,2013-12-10,9.24
600416,湘电股份,2011-07-02,2013-12-10,9.24
300062,中能电气,2011-07-02,2013-12-10,9.21
601636,旗滨集团,2011-07-02,2013-12-10,9.21
600226,升华拜克,2011-07-02,2013-12-10,9.21
002071,长城影视,2011-07-02,2013-12-10,9.21
002697,红旗连锁,2011-07-02,2013-12-10,9.2
600812,华北制药,2011-07-02,2013-12-10,9.19
002028,思源电气,2011-07-02,2013-12-10,9.19
002061,江山化工,2011-07-02,2013-12-10,9.18
002173,千足珍珠,2011-07-02,2013-12-10,9.17
600576,万好万家,2011-07-02,2013-12-10,9.17
600882,华联矿业,2011-07-02,2013-12-10,9.15
002312,三泰电子,2011-07-02,2013-12-10,9.14
600745,中茵股份,2011-07-02,2013-12-10,9.14
002473,圣莱达,2011-07-02,2013-12-10,9.14
601388,怡球资源,2011-07-02,2013-12-10,9.12
600793,ST宜纸,2011-07-02,2013-12-10,9.12
300021,大禹节水,2011-07-02,2013-12-10,9.11
300155,安居宝,2011-07-02,2013-12-10,9.09
002174,游族网络,2011-07-02,2013-12-10,9.08
000719,大地传媒,2011-07-02,2013-12-10,9.08
002483,润邦股份,2011-07-02,2013-12-10,9.07
600206,有研新材,2011-07-02,2013-12-10,9.06
002127,*ST新民,2011-07-02,2013-12-10,9.05
002404,嘉欣丝绸,2011-07-02,2013-12-10,9.05
600819,耀皮玻璃,2011-07-02,2013-12-10,9.05
600516,方大炭素,2011-07-02,2013-12-10,9.04
600242,中昌海运,2011-07-02,2013-12-10,9.04
600560,金自天正,2011-07-02,2013-12-10,9.04
600802,福建水泥,2011-07-02,2013-12-10,9.03
600696,多伦股份,2011-07-02,2013-12-10,9.02
600543,莫高股份,2011-07-02,2013-12-10,9.0
300093,金刚玻璃,2011-07-02,2013-12-10,8.98
600723,首商股份,2011-07-02,2013-12-10,8.98
600387,海越股份,2011-07-02,2013-12-10,8.97
300047,天源迪科,2011-07-02,2013-12-10,8.97
002251,步 步 高,2011-07-02,2013-12-10,8.96
600435,北方导航,2011-07-02,2013-12-10,8.96
600179,黑化股份,2011-07-02,2013-12-10,8.96
600699,均胜电子,2011-07-02,2013-12-10,8.95
000716,南方食品,2011-07-02,2013-12-10,8.94
600376,首开股份,2011-07-02,2013-12-10,8.93
600805,悦达投资,2011-07-02,2013-12-10,8.92
300106,西部牧业,2011-07-02,2013-12-10,8.92
600728,佳都科技,2011-07-02,2013-12-10,8.92
002097,山河智能,2011-07-02,2013-12-10,8.9
000403,*ST生化,2011-07-02,2013-12-10,8.9
000008,宝利来,2011-07-02,2013-12-10,8.9
600518,康美药业,2011-07-02,2013-12-10,8.9
000887,中鼎股份,2011-07-02,2013-12-10,8.9
002008,大族激光,2011-07-02,2013-12-10,8.89
300149,量子高科,2011-07-02,2013-12-10,8.88
600623,双钱股份,2011-07-02,2013-12-10,8.87
000813,天山纺织,2011-07-02,2013-12-10,8.86
002442,龙星化工,2011-07-02,2013-12-10,8.86
000554,泰山石油,2011-07-02,2013-12-10,8.85
002109,兴化股份,2011-07-02,2013-12-10,8.85
600993,马应龙,2011-07-02,2013-12-10,8.85
002426,胜利精密,2011-07-02,2013-12-10,8.83
600817,ST宏盛,2011-07-02,2013-12-10,8.82
002355,兴民钢圈,2011-07-02,2013-12-10,8.8
002039,黔源电力,2011-07-02,2013-12-10,8.8
600167,联美控股,2011-07-02,2013-12-10,8.78
600239,云南城投,2011-07-02,2013-12-10,8.77
002092,中泰化学,2011-07-02,2013-12-10,8.77
300022,吉峰农机,2011-07-02,2013-12-10,8.76
600409,三友化工,2011-07-02,2013-12-10,8.76
300035,中科电气,2011-07-02,2013-12-10,8.73
002652,扬子新材,2011-07-02,2013-12-10,8.73
300049,福瑞股份,2011-07-02,2013-12-10,8.73
600105,永鼎股份,2011-07-02,2013-12-10,8.73
300126,锐奇股份,2011-07-02,2013-12-10,8.71
002082,栋梁新材,2011-07-02,2013-12-10,8.7
600674,川投能源,2011-07-02,2013-12-10,8.69
000997,新 大 陆,2011-07-02,2013-12-10,8.68
601628,中国人寿,2011-07-02,2013-12-10,8.66
600241,时代万恒,2011-07-02,2013-12-10,8.66
002224,三 力 士,2011-07-02,2013-12-10,8.65
300319,麦捷科技,2011-07-02,2013-12-10,8.63
002098,浔兴股份,2011-07-02,2013-12-10,8.63
000888,峨眉山Ａ,2011-07-02,2013-12-10,8.63
300342,天银机电,2011-07-02,2013-12-10,8.62
002135,东南网架,2011-07-02,2013-12-10,8.62
603399,新华龙,2011-07-02,2013-12-10,8.61
600577,精达股份,2011-07-02,2013-12-10,8.6
600687,刚泰控股,2011-07-02,2013-12-10,8.6
000935,四川双马,2011-07-02,2013-12-10,8.59
300176,鸿特精密,2011-07-02,2013-12-10,8.57
002337,赛象科技,2011-07-02,2013-12-10,8.56
600415,小商品城,2011-07-02,2013-12-10,8.56
600378,天科股份,2011-07-02,2013-12-10,8.54
000798,中水渔业,2011-07-02,2013-12-10,8.53
600068,葛洲坝,2011-07-02,2013-12-10,8.52
600308,华泰股份,2011-07-02,2013-12-10,8.52
600539,狮头股份,2011-07-02,2013-12-10,8.51
601118,海南橡胶,2011-07-02,2013-12-10,8.51
600467,好当家,2011-07-02,2013-12-10,8.51
002443,金洲管道,2011-07-02,2013-12-10,8.5
002024,苏宁云商,2011-07-02,2013-12-10,8.5
600761,安徽合力,2011-07-02,2013-12-10,8.49
002427,尤夫股份,2011-07-02,2013-12-10,8.49
002159,三特索道,2011-07-02,2013-12-10,8.49
600182,S佳通,2011-07-02,2013-12-10,8.48
600054,黄山旅游,2011-07-02,2013-12-10,8.48
600575,皖江物流,2011-07-02,2013-12-10,8.48
600629,棱光实业,2011-07-02,2013-12-10,8.47
300067,安诺其,2011-07-02,2013-12-10,8.46
600880,博瑞传播,2011-07-02,2013-12-10,8.43
002396,星网锐捷,2011-07-02,2013-12-10,8.43
000584,友利控股,2011-07-02,2013-12-10,8.42
600078,澄星股份,2011-07-02,2013-12-10,8.42
600106,重庆路桥,2011-07-02,2013-12-10,8.42
600892,宝诚股份,2011-07-02,2013-12-10,8.41
000738,中航动控,2011-07-02,2013-12-10,8.4
600732,上海新梅,2011-07-02,2013-12-10,8.4
000902,新洋丰,2011-07-02,2013-12-10,8.4
002258,利尔化学,2011-07-02,2013-12-10,8.4
600329,中新药业,2011-07-02,2013-12-10,8.4
600346,大橡塑,2011-07-02,2013-12-10,8.4
600328,兰太实业,2011-07-02,2013-12-10,8.39
002324,普利特,2011-07-02,2013-12-10,8.39
300084,海默科技,2011-07-02,2013-12-10,8.38
002388,新亚制程,2011-07-02,2013-12-10,8.36
002295,精艺股份,2011-07-02,2013-12-10,8.35
000665,湖北广电,2011-07-02,2013-12-10,8.35
002366,丹甫股份,2011-07-02,2013-12-10,8.35
601607,上海医药,2011-07-02,2013-12-10,8.34
000411,英特集团,2011-07-02,2013-12-10,8.34
000811,烟台冰轮,2011-07-02,2013-12-10,8.34
600197,伊力特,2011-07-02,2013-12-10,8.34
002435,长江润发,2011-07-02,2013-12-10,8.33
600466,迪康药业,2011-07-02,2013-12-10,8.33
002018,华星化工,2011-07-02,2013-12-10,8.32
300180,华峰超纤,2011-07-02,2013-12-10,8.32
002673,西部证券,2011-07-02,2013-12-10,8.31
600857,工大首创,2011-07-02,2013-12-10,8.3
000707,双环科技,2011-07-02,2013-12-10,8.27
600148,长春一东,2011-07-02,2013-12-10,8.27
600806,昆明机床,2011-07-02,2013-12-10,8.27
600572,康恩贝,2011-07-02,2013-12-10,8.26
002193,山东如意,2011-07-02,2013-12-10,8.26
002044,江苏三友,2011-07-02,2013-12-10,8.23
002584,西陇化工,2011-07-02,2013-12-10,8.22
000868,安凯客车,2011-07-02,2013-12-10,8.21
600596,新安股份,2011-07-02,2013-12-10,8.19
002162,斯米克,2011-07-02,2013-12-10,8.18
002077,大港股份,2011-07-02,2013-12-10,8.18
600169,太原重工,2011-07-02,2013-12-10,8.16
002423,中原特钢,2011-07-02,2013-12-10,8.15
002112,三变科技,2011-07-02,2013-12-10,8.15
002200,云投生态,2011-07-02,2013-12-10,8.14
000531,穗恒运Ａ,2011-07-02,2013-12-10,8.14
600754,锦江股份,2011-07-02,2013-12-10,8.13
600619,海立股份,2011-07-02,2013-12-10,8.13
002169,智光电气,2011-07-02,2013-12-10,8.13
601601,中国太保,2011-07-02,2013-12-10,8.12
600751,天津海运,2011-07-02,2013-12-10,8.11
000625,长安汽车,2011-07-02,2013-12-10,8.1
600120,浙江东方,2011-07-02,2013-12-10,8.09
600090,啤酒花,2011-07-02,2013-12-10,8.09
600444,国通管业,2011-07-02,2013-12-10,8.08
600089,特变电工,2011-07-02,2013-12-10,8.07
002678,珠江钢琴,2011-07-02,2013-12-10,8.07
600710,常林股份,2011-07-02,2013-12-10,8.07
000862,银星能源,2011-07-02,2013-12-10,8.07
601600,中国铝业,2011-07-02,2013-12-10,8.06
002463,沪电股份,2011-07-02,2013-12-10,8.05
002359,齐星铁塔,2011-07-02,2013-12-10,8.03
600075,*ST新业,2011-07-02,2013-12-10,8.02
600470,六国化工,2011-07-02,2013-12-10,8.02
600439,瑞贝卡,2011-07-02,2013-12-10,8.02
002444,巨星科技,2011-07-02,2013-12-10,8.01
002492,恒基达鑫,2011-07-02,2013-12-10,8.01
300112,万讯自控,2011-07-02,2013-12-10,8.0
600529,山东药玻,2011-07-02,2013-12-10,8.0
000590,紫光古汉,2011-07-02,2013-12-10,7.98
000801,四川九洲,2011-07-02,2013-12-10,7.98
002144,宏达高科,2011-07-02,2013-12-10,7.97
600774,汉商集团,2011-07-02,2013-12-10,7.97
600599,熊猫烟花,2011-07-02,2013-12-10,7.96
300121,阳谷华泰,2011-07-02,2013-12-10,7.96
600213,亚星客车,2011-07-02,2013-12-10,7.95
002578,闽发铝业,2011-07-02,2013-12-10,7.94
002184,海得控制,2011-07-02,2013-12-10,7.94
600117,西宁特钢,2011-07-02,2013-12-10,7.93
600778,友好集团,2011-07-02,2013-12-10,7.93
300085,银之杰,2011-07-02,2013-12-10,7.93
000731,四川美丰,2011-07-02,2013-12-10,7.93
000822,*ST海化,2011-07-02,2013-12-10,7.92
002053,云南盐化,2011-07-02,2013-12-10,7.92
600756,浪潮软件,2011-07-02,2013-12-10,7.89
601798,蓝科高新,2011-07-02,2013-12-10,7.88
000975,银泰资源,2011-07-02,2013-12-10,7.88
000807,云铝股份,2011-07-02,2013-12-10,7.88
002145,中核钛白,2011-07-02,2013-12-10,7.86
600532,宏达矿业,2011-07-02,2013-12-10,7.86
002219,恒康医疗,2011-07-02,2013-12-10,7.85
600198,大唐电信,2011-07-02,2013-12-10,7.85
002259,升达林业,2011-07-02,2013-12-10,7.84
300034,钢研高纳,2011-07-02,2013-12-10,7.84
600104,上汽集团,2011-07-02,2013-12-10,7.8
300203,聚光科技,2011-07-02,2013-12-10,7.78
600526,菲达环保,2011-07-02,2013-12-10,7.78
002185,华天科技,2011-07-02,2013-12-10,7.78
300030,阳普医疗,2011-07-02,2013-12-10,7.78
002022,科华生物,2011-07-02,2013-12-10,7.77
600495,晋西车轴,2011-07-02,2013-12-10,7.77
600883,博闻科技,2011-07-02,2013-12-10,7.77
600598,*ST大荒,2011-07-02,2013-12-10,7.75
600309,万华化学,2011-07-02,2013-12-10,7.75
000565,渝三峡Ａ,2011-07-02,2013-12-10,7.74
600758,红阳能源,2011-07-02,2013-12-10,7.72
600876,洛阳玻璃,2011-07-02,2013-12-10,7.72
600807,天业股份,2011-07-02,2013-12-10,7.72
600540,新赛股份,2011-07-02,2013-12-10,7.71
600151,航天机电,2011-07-02,2013-12-10,7.7
000509,华塑控股,2011-07-02,2013-12-10,7.7
600668,尖峰集团,2011-07-02,2013-12-10,7.7
002348,高乐股份,2011-07-02,2013-12-10,7.7
601268,*ST二重,2011-07-02,2013-12-10,7.7
600835,上海机电,2011-07-02,2013-12-10,7.7
600985,雷鸣科化,2011-07-02,2013-12-10,7.69
600593,大连圣亚,2011-07-02,2013-12-10,7.68
002062,宏润建设,2011-07-02,2013-12-10,7.68
600496,精工钢构,2011-07-02,2013-12-10,7.68
600866,星湖科技,2011-07-02,2013-12-10,7.67
002074,东源电器,2011-07-02,2013-12-10,7.67
002011,盾安环境,2011-07-02,2013-12-10,7.67
601918,国投新集,2011-07-02,2013-12-10,7.64
000666,经纬纺机,2011-07-02,2013-12-10,7.64
601008,连云港,2011-07-02,2013-12-10,7.63
002516,江苏旷达,2011-07-02,2013-12-10,7.63
600689,*ST三毛,2011-07-02,2013-12-10,7.62
600255,鑫科材料,2011-07-02,2013-12-10,7.62
000060,中金岭南,2011-07-02,2013-12-10,7.62
300265,通光线缆,2011-07-02,2013-12-10,7.6
600070,浙江富润,2011-07-02,2013-12-10,7.57
300076,GQY视讯,2011-07-02,2013-12-10,7.56
002354,科冕木业,2011-07-02,2013-12-10,7.55
600061,中纺投资,2011-07-02,2013-12-10,7.55
600843,上工申贝,2011-07-02,2013-12-10,7.55
600616,金枫酒业,2011-07-02,2013-12-10,7.55
002284,亚太股份,2011-07-02,2013-12-10,7.54
600829,三精制药,2011-07-02,2013-12-10,7.52
000410,沈阳机床,2011-07-02,2013-12-10,7.51
002035,华帝股份,2011-07-02,2013-12-10,7.51
600595,中孚实业,2011-07-02,2013-12-10,7.48
002488,金固股份,2011-07-02,2013-12-10,7.48
002478,常宝股份,2011-07-02,2013-12-10,7.44
002275,桂林三金,2011-07-02,2013-12-10,7.44
600898,三联商社,2011-07-02,2013-12-10,7.44
600706,曲江文旅,2011-07-02,2013-12-10,7.43
000587,金叶珠宝,2011-07-02,2013-12-10,7.42
600739,辽宁成大,2011-07-02,2013-12-10,7.4
000952,广济药业,2011-07-02,2013-12-10,7.4
600833,第一医药,2011-07-02,2013-12-10,7.4
600452,涪陵电力,2011-07-02,2013-12-10,7.4
002164,*ST东力,2011-07-02,2013-12-10,7.39
600291,西水股份,2011-07-02,2013-12-10,7.37
600823,世茂股份,2011-07-02,2013-12-10,7.37
601116,三江购物,2011-07-02,2013-12-10,7.37
002274,华昌化工,2011-07-02,2013-12-10,7.35
002668,奥马电器,2011-07-02,2013-12-10,7.35
000011,深物业A,2011-07-02,2013-12-10,7.34
002194,武汉凡谷,2011-07-02,2013-12-10,7.33
300317,珈伟股份,2011-07-02,2013-12-10,7.31
600597,光明乳业,2011-07-02,2013-12-10,7.31
600995,文山电力,2011-07-02,2013-12-10,7.3
000586,汇源通信,2011-07-02,2013-12-10,7.3
000972,新中基,2011-07-02,2013-12-10,7.29
000736,中房地产,2011-07-02,2013-12-10,7.29
600069,银鸽投资,2011-07-02,2013-12-10,7.29
000408,金谷源,2011-07-02,2013-12-10,7.29
600272,开开实业,2011-07-02,2013-12-10,7.28
600365,通葡股份,2011-07-02,2013-12-10,7.28
000004,国农科技,2011-07-02,2013-12-10,7.27
600960,渤海活塞,2011-07-02,2013-12-10,7.27
002636,金安国纪,2011-07-02,2013-12-10,7.27
002232,启明信息,2011-07-02,2013-12-10,7.27
600476,湘邮科技,2011-07-02,2013-12-10,7.27
002552,宝鼎重工,2011-07-02,2013-12-10,7.24
002100,天康生物,2011-07-02,2013-12-10,7.22
600071,凤凰光学,2011-07-02,2013-12-10,7.21
000838,国兴地产,2011-07-02,2013-12-10,7.2
000961,中南建设,2011-07-02,2013-12-10,7.2
002363,隆基机械,2011-07-02,2013-12-10,7.19
002470,金正大,2011-07-02,2013-12-10,7.18
600401,海润光伏,2011-07-02,2013-12-10,7.18
002181,粤 传 媒,2011-07-02,2013-12-10,7.18
600418,江淮汽车,2011-07-02,2013-12-10,7.18
002242,九阳股份,2011-07-02,2013-12-10,7.17
002059,云南旅游,2011-07-02,2013-12-10,7.16
002211,宏达新材,2011-07-02,2013-12-10,7.16
600285,羚锐制药,2011-07-02,2013-12-10,7.15
002078,太阳纸业,2011-07-02,2013-12-10,7.13
002134,*ST普林,2011-07-02,2013-12-10,7.13
000532,力合股份,2011-07-02,2013-12-10,7.12
000810,华润锦华,2011-07-02,2013-12-10,7.12
000656,金科股份,2011-07-02,2013-12-10,7.12
000576,广东甘化,2011-07-02,2013-12-10,7.11
603333,明星电缆,2011-07-02,2013-12-10,7.11
002085,万丰奥威,2011-07-02,2013-12-10,7.1
002175,广陆数测,2011-07-02,2013-12-10,7.1
600505,西昌电力,2011-07-02,2013-12-10,7.1
300069,金利华电,2011-07-02,2013-12-10,7.1
600501,航天晨光,2011-07-02,2013-12-10,7.09
600273,华芳纺织,2011-07-02,2013-12-10,7.09
000546,光华控股,2011-07-02,2013-12-10,7.07
600877,中国嘉陵,2011-07-02,2013-12-10,7.06
000022,深赤湾Ａ,2011-07-02,2013-12-10,7.05
600614,鼎立股份,2011-07-02,2013-12-10,7.04
002137,实 益 达,2011-07-02,2013-12-10,7.03
600983,合肥三洋,2011-07-02,2013-12-10,7.03
600831,广电网络,2011-07-02,2013-12-10,7.03
601313,江南嘉捷,2011-07-02,2013-12-10,7.02
002043,兔 宝 宝,2011-07-02,2013-12-10,7.01
000526,银润投资,2011-07-02,2013-12-10,7.01
601117,中国化学,2011-07-02,2013-12-10,6.96
002150,通润装备,2011-07-02,2013-12-10,6.96
000595,西北轴承,2011-07-02,2013-12-10,6.96
002157,正邦科技,2011-07-02,2013-12-10,6.95
600885,宏发股份,2011-07-02,2013-12-10,6.95
002676,顺威股份,2011-07-02,2013-12-10,6.95
300284,苏交科,2011-07-02,2013-12-10,6.95
002691,石中装备,2011-07-02,2013-12-10,6.94
600515,海岛建设,2011-07-02,2013-12-10,6.94
601369,陕鼓动力,2011-07-02,2013-12-10,6.93
600327,大东方,2011-07-02,2013-12-10,6.93
603077,和邦股份,2011-07-02,2013-12-10,6.93
600864,哈投股份,2011-07-02,2013-12-10,6.93
300313,天山生物,2011-07-02,2013-12-10,6.92
600830,香溢融通,2011-07-02,2013-12-10,6.91
600667,太极实业,2011-07-02,2013-12-10,6.9
600845,宝信软件,2011-07-02,2013-12-10,6.89
600737,中粮屯河,2011-07-02,2013-12-10,6.89
000981,银亿股份,2011-07-02,2013-12-10,6.88
600592,龙溪股份,2011-07-02,2013-12-10,6.87
002120,新海股份,2011-07-02,2013-12-10,6.87
000920,南方汇通,2011-07-02,2013-12-10,6.87
600281,太化股份,2011-07-02,2013-12-10,6.86
001896,豫能控股,2011-07-02,2013-12-10,6.86
000759,中百集团,2011-07-02,2013-12-10,6.86
600605,汇通能源,2011-07-02,2013-12-10,6.86
600803,威远生化,2011-07-02,2013-12-10,6.86
600145,*ST国创,2011-07-02,2013-12-10,6.86
600679,金山开发,2011-07-02,2013-12-10,6.85
000633,合金投资,2011-07-02,2013-12-10,6.84
600121,郑州煤电,2011-07-02,2013-12-10,6.84
600725,云维股份,2011-07-02,2013-12-10,6.83
600879,航天电子,2011-07-02,2013-12-10,6.82
600059,古越龙山,2011-07-02,2013-12-10,6.81
600712,南宁百货,2011-07-02,2013-12-10,6.79
002308,威创股份,2011-07-02,2013-12-10,6.78
000045,深纺织Ａ,2011-07-02,2013-12-10,6.78
600506,香梨股份,2011-07-02,2013-12-10,6.77
002265,西仪股份,2011-07-02,2013-12-10,6.77
300053,欧比特,2011-07-02,2013-12-10,6.77
000099,中信海直,2011-07-02,2013-12-10,6.76
600353,旭光股份,2011-07-02,2013-12-10,6.75
600517,置信电气,2011-07-02,2013-12-10,6.75
002300,太阳电缆,2011-07-02,2013-12-10,6.74
600207,安彩高科,2011-07-02,2013-12-10,6.74
600671,天目药业,2011-07-02,2013-12-10,6.74
000923,河北宣工,2011-07-02,2013-12-10,6.74
002170,芭田股份,2011-07-02,2013-12-10,6.73
002403,爱仕达,2011-07-02,2013-12-10,6.73
600138,中青旅,2011-07-02,2013-12-10,6.73
600405,动力源,2011-07-02,2013-12-10,6.72
600719,大连热电,2011-07-02,2013-12-10,6.71
600300,维维股份,2011-07-02,2013-12-10,6.71
600363,联创光电,2011-07-02,2013-12-10,6.7
600889,南京化纤,2011-07-02,2013-12-10,6.7
000948,南天信息,2011-07-02,2013-12-10,6.69
002048,宁波华翔,2011-07-02,2013-12-10,6.69
300345,红宇新材,2011-07-02,2013-12-10,6.68
000839,中信国安,2011-07-02,2013-12-10,6.67
000620,新华联,2011-07-02,2013-12-10,6.67
600655,豫园商城,2011-07-02,2013-12-10,6.67
601028,玉龙股份,2011-07-02,2013-12-10,6.66
601929,吉视传媒,2011-07-02,2013-12-10,6.64
002075,沙钢股份,2011-07-02,2013-12-10,6.64
002291,星期六,2011-07-02,2013-12-10,6.63
002351,漫步者,2011-07-02,2013-12-10,6.63
000785,武汉中商,2011-07-02,2013-12-10,6.63
002332,仙琚制药,2011-07-02,2013-12-10,6.63
600266,北京城建,2011-07-02,2013-12-10,6.63
000978,桂林旅游,2011-07-02,2013-12-10,6.62
000732,泰禾集团,2011-07-02,2013-12-10,6.61
300332,天壕节能,2011-07-02,2013-12-10,6.58
600570,恒生电子,2011-07-02,2013-12-10,6.58
600279,重庆港九,2011-07-02,2013-12-10,6.58
600818,中路股份,2011-07-02,2013-12-10,6.58
600571,信雅达,2011-07-02,2013-12-10,6.58
000046,泛海控股,2011-07-02,2013-12-10,6.58
002462,嘉事堂,2011-07-02,2013-12-10,6.57
000985,大庆华科,2011-07-02,2013-12-10,6.56
000909,数源科技,2011-07-02,2013-12-10,6.56
600615,丰华股份,2011-07-02,2013-12-10,6.55
600073,上海梅林,2011-07-02,2013-12-10,6.55
002016,世荣兆业,2011-07-02,2013-12-10,6.54
600603,大洲兴业,2011-07-02,2013-12-10,6.54
000726,鲁  泰Ａ,2011-07-02,2013-12-10,6.53
000881,大连国际,2011-07-02,2013-12-10,6.52
000636,风华高科,2011-07-02,2013-12-10,6.52
002331,皖通科技,2011-07-02,2013-12-10,6.52
600303,曙光股份,2011-07-02,2013-12-10,6.52
002201,九鼎新材,2011-07-02,2013-12-10,6.51
600016,民生银行,2011-07-02,2013-12-10,6.5
000504,*ST传媒,2011-07-02,2013-12-10,6.49
600641,万业企业,2011-07-02,2013-12-10,6.49
600319,亚星化学,2011-07-02,2013-12-10,6.49
601788,光大证券,2011-07-02,2013-12-10,6.49
002072,德棉股份,2011-07-02,2013-12-10,6.48
000521,美菱电器,2011-07-02,2013-12-10,6.48
600651,飞乐音响,2011-07-02,2013-12-10,6.48
600847,万里股份,2011-07-02,2013-12-10,6.47
600323,瀚蓝环境,2011-07-02,2013-12-10,6.45
002333,罗普斯金,2011-07-02,2013-12-10,6.44
000829,天音控股,2011-07-02,2013-12-10,6.44
600231,凌钢股份,2011-07-02,2013-12-10,6.44
002070,众和股份,2011-07-02,2013-12-10,6.44
603008,喜临门,2011-07-02,2013-12-10,6.43
600380,健康元,2011-07-02,2013-12-10,6.43
600287,江苏舜天,2011-07-02,2013-12-10,6.41
600890,中房股份,2011-07-02,2013-12-10,6.4
000710,天兴仪表,2011-07-02,2013-12-10,6.4
002244,滨江集团,2011-07-02,2013-12-10,6.39
600851,海欣股份,2011-07-02,2013-12-10,6.39
002260,伊 立 浦,2011-07-02,2013-12-10,6.39
600039,四川路桥,2011-07-02,2013-12-10,6.38
002239,金 飞 达,2011-07-02,2013-12-10,6.38
000628,高新发展,2011-07-02,2013-12-10,6.38
002110,三钢闽光,2011-07-02,2013-12-10,6.37
600963,岳阳林纸,2011-07-02,2013-12-10,6.37
000544,中原环保,2011-07-02,2013-12-10,6.37
600183,生益科技,2011-07-02,2013-12-10,6.37
600640,号百控股,2011-07-02,2013-12-10,6.36
600379,宝光股份,2011-07-02,2013-12-10,6.35
600030,中信证券,2011-07-02,2013-12-10,6.35
000610,西安旅游,2011-07-02,2013-12-10,6.34
000014,沙河股份,2011-07-02,2013-12-10,6.34
600527,江南高纤,2011-07-02,2013-12-10,6.34
000530,大冷股份,2011-07-02,2013-12-10,6.34
000705,浙江震元,2011-07-02,2013-12-10,6.34
002104,恒宝股份,2011-07-02,2013-12-10,6.33
300350,华鹏飞,2011-07-02,2013-12-10,6.32
601928,凤凰传媒,2011-07-02,2013-12-10,6.32
603123,翠微股份,2011-07-02,2013-12-10,6.32
000698,沈阳化工,2011-07-02,2013-12-10,6.32
600590,泰豪科技,2011-07-02,2013-12-10,6.31
601111,中国国航,2011-07-02,2013-12-10,6.31
002058,威 尔 泰,2011-07-02,2013-12-10,6.31
002555,顺荣股份,2011-07-02,2013-12-10,6.31
603003,龙宇燃油,2011-07-02,2013-12-10,6.29
600735,新华锦,2011-07-02,2013-12-10,6.26
002263,大 东 南,2011-07-02,2013-12-10,6.26
000715,中兴商业,2011-07-02,2013-12-10,6.26
000025,特  力Ａ,2011-07-02,2013-12-10,6.25
000018,中冠A,2011-07-02,2013-12-10,6.24
000748,长城信息,2011-07-02,2013-12-10,6.24
600579,天华院,2011-07-02,2013-12-10,6.24
600606,金丰投资,2011-07-02,2013-12-10,6.24
600097,开创国际,2011-07-02,2013-12-10,6.24
002156,通富微电,2011-07-02,2013-12-10,6.24
600081,东风科技,2011-07-02,2013-12-10,6.23
002163,*ST三鑫,2011-07-02,2013-12-10,6.22
600265,ST景谷,2011-07-02,2013-12-10,6.22
600686,金龙汽车,2011-07-02,2013-12-10,6.21
600551,时代出版,2011-07-02,2013-12-10,6.19
600647,同达创业,2011-07-02,2013-12-10,6.19
000965,天保基建,2011-07-02,2013-12-10,6.18
601898,中煤能源,2011-07-02,2013-12-10,6.17
600860,*ST京城,2011-07-02,2013-12-10,6.16
600243,青海华鼎,2011-07-02,2013-12-10,6.15
600874,创业环保,2011-07-02,2013-12-10,6.15
600301,ST南化,2011-07-02,2013-12-10,6.14
002045,国光电器,2011-07-02,2013-12-10,6.14
600095,哈高科,2011-07-02,2013-12-10,6.13
000949,新乡化纤,2011-07-02,2013-12-10,6.12
603766,隆鑫通用,2011-07-02,2013-12-10,6.12
000609,绵世股份,2011-07-02,2013-12-10,6.12
600837,海通证券,2011-07-02,2013-12-10,6.11
002107,沃华医药,2011-07-02,2013-12-10,6.11
600048,保利地产,2011-07-02,2013-12-10,6.11
000778,新兴铸管,2011-07-02,2013-12-10,6.11
600566,洪城股份,2011-07-02,2013-12-10,6.11
002067,景兴纸业,2011-07-02,2013-12-10,6.11
002245,澳洋顺昌,2011-07-02,2013-12-10,6.09
600787,中储股份,2011-07-02,2013-12-10,6.08
000721,西安饮食,2011-07-02,2013-12-10,6.08
600483,福建南纺,2011-07-02,2013-12-10,6.07
000701,厦门信达,2011-07-02,2013-12-10,6.06
600677,航天通信,2011-07-02,2013-12-10,6.05
601808,中海油服,2011-07-02,2013-12-10,6.05
600747,大连控股,2011-07-02,2013-12-10,6.05
002025,航天电器,2011-07-02,2013-12-10,6.04
600987,航民股份,2011-07-02,2013-12-10,6.03
000751,锌业股份,2011-07-02,2013-12-10,6.03
600586,金晶科技,2011-07-02,2013-12-10,6.02
600826,兰生股份,2011-07-02,2013-12-10,6.01
002647,宏磊股份,2011-07-02,2013-12-10,6.0
601777,力帆股份,2011-07-02,2013-12-10,6.0
000670,盈方微,2011-07-02,2013-12-10,5.98
000034,深信泰丰,2011-07-02,2013-12-10,5.98
600336,澳柯玛,2011-07-02,2013-12-10,5.97
600238,海南椰岛,2011-07-02,2013-12-10,5.97
000559,万向钱潮,2011-07-02,2013-12-10,5.97
601801,皖新传媒,2011-07-02,2013-12-10,5.97
600288,大恒科技,2011-07-02,2013-12-10,5.96
600189,吉林森工,2011-07-02,2013-12-10,5.96
600781,辅仁药业,2011-07-02,2013-12-10,5.94
000090,天健集团,2011-07-02,2013-12-10,5.93
002143,高金食品,2011-07-02,2013-12-10,5.93
600312,平高电气,2011-07-02,2013-12-10,5.92
300094,国联水产,2011-07-02,2013-12-10,5.92
600510,黑牡丹,2011-07-02,2013-12-10,5.92
600573,惠泉啤酒,2011-07-02,2013-12-10,5.9
600757,长江传媒,2011-07-02,2013-12-10,5.89
000833,贵糖股份,2011-07-02,2013-12-10,5.89
600848,自仪股份,2011-07-02,2013-12-10,5.89
002054,德美化工,2011-07-02,2013-12-10,5.89
600229,青岛碱业,2011-07-02,2013-12-10,5.88
000638,万方发展,2011-07-02,2013-12-10,5.87
000793,华闻传媒,2011-07-02,2013-12-10,5.87
601789,宁波建工,2011-07-02,2013-12-10,5.87
000889,茂业物流,2011-07-02,2013-12-10,5.86
300327,中颖电子,2011-07-02,2013-12-10,5.86
601965,中国汽研,2011-07-02,2013-12-10,5.86
600695,大江股份,2011-07-02,2013-12-10,5.86
600724,宁波富达,2011-07-02,2013-12-10,5.84
000856,冀东装备,2011-07-02,2013-12-10,5.83
600500,中化国际,2011-07-02,2013-12-10,5.83
000938,紫光股份,2011-07-02,2013-12-10,5.82
601058,赛轮股份,2011-07-02,2013-12-10,5.82
000929,兰州黄河,2011-07-02,2013-12-10,5.82
600393,东华实业,2011-07-02,2013-12-10,5.81
600029,南方航空,2011-07-02,2013-12-10,5.8
002703,浙江世宝,2011-07-02,2013-12-10,5.8
600455,博通股份,2011-07-02,2013-12-10,5.77
002030,达安基因,2011-07-02,2013-12-10,5.76
600855,航天长峰,2011-07-02,2013-12-10,5.76
601999,出版传媒,2011-07-02,2013-12-10,5.75
000561,烽火电子,2011-07-02,2013-12-10,5.75
000993,闽东电力,2011-07-02,2013-12-10,5.74
000592,平潭发展,2011-07-02,2013-12-10,5.73
000668,荣丰控股,2011-07-02,2013-12-10,5.73
000567,海德股份,2011-07-02,2013-12-10,5.73
000990,诚志股份,2011-07-02,2013-12-10,5.73
600202,哈空调,2011-07-02,2013-12-10,5.72
000582,北部湾港,2011-07-02,2013-12-10,5.71
300341,麦迪电气,2011-07-02,2013-12-10,5.71
000545,金浦钛业,2011-07-02,2013-12-10,5.71
600352,浙江龙盛,2011-07-02,2013-12-10,5.71
600746,江苏索普,2011-07-02,2013-12-10,5.7
002210,飞马国际,2011-07-02,2013-12-10,5.69
600678,四川金顶,2011-07-02,2013-12-10,5.69
002357,富临运业,2011-07-02,2013-12-10,5.68
002418,康盛股份,2011-07-02,2013-12-10,5.67
000926,福星股份,2011-07-02,2013-12-10,5.67
002090,金智科技,2011-07-02,2013-12-10,5.67
600399,抚顺特钢,2011-07-02,2013-12-10,5.66
600386,北巴传媒,2011-07-02,2013-12-10,5.66
000518,四环生物,2011-07-02,2013-12-10,5.66
000673,当代东方,2011-07-02,2013-12-10,5.65
600325,华发股份,2011-07-02,2013-12-10,5.65
600131,岷江水电,2011-07-02,2013-12-10,5.64
600125,铁龙物流,2011-07-02,2013-12-10,5.63
600658,电子城,2011-07-02,2013-12-10,5.63
002212,南洋股份,2011-07-02,2013-12-10,5.63
600385,ST金泰,2011-07-02,2013-12-10,5.62
600232,金鹰股份,2011-07-02,2013-12-10,5.62
600766,园城黄金,2011-07-02,2013-12-10,5.62
000821,京山轻机,2011-07-02,2013-12-10,5.61
000851,高鸿股份,2011-07-02,2013-12-10,5.61
601000,唐山港,2011-07-02,2013-12-10,5.59
600423,柳化股份,2011-07-02,2013-12-10,5.59
000850,华茂股份,2011-07-02,2013-12-10,5.59
600133,东湖高新,2011-07-02,2013-12-10,5.59
600477,杭萧钢构,2011-07-02,2013-12-10,5.58
600178,*ST东安,2011-07-02,2013-12-10,5.58
600652,爱使股份,2011-07-02,2013-12-10,5.58
600382,广东明珠,2011-07-02,2013-12-10,5.57
002083,孚日股份,2011-07-02,2013-12-10,5.57
600408,安泰集团,2011-07-02,2013-12-10,5.57
000151,中成股份,2011-07-02,2013-12-10,5.56
600248,延长化建,2011-07-02,2013-12-10,5.55
000558,莱茵置业,2011-07-02,2013-12-10,5.55
000908,天一科技,2011-07-02,2013-12-10,5.55
002108,沧州明珠,2011-07-02,2013-12-10,5.55
600469,风神股份,2011-07-02,2013-12-10,5.54
600998,九州通,2011-07-02,2013-12-10,5.54
000882,华联股份,2011-07-02,2013-12-10,5.54
002209,达 意 隆,2011-07-02,2013-12-10,5.53
000553,沙隆达Ａ,2011-07-02,2013-12-10,5.53
002026,山东威达,2011-07-02,2013-12-10,5.53
600221,海南航空,2011-07-02,2013-12-10,5.53
000534,万泽股份,2011-07-02,2013-12-10,5.53
000971,蓝鼎控股,2011-07-02,2013-12-10,5.53
000078,海王生物,2011-07-02,2013-12-10,5.53
600753,东方银星,2011-07-02,2013-12-10,5.52
000906,物产中拓,2011-07-02,2013-12-10,5.52
000048,康达尔,2011-07-02,2013-12-10,5.51
600461,洪城水业,2011-07-02,2013-12-10,5.51
600666,西南药业,2011-07-02,2013-12-10,5.51
000663,永安林业,2011-07-02,2013-12-10,5.5
600493,凤竹纺织,2011-07-02,2013-12-10,5.5
600992,贵绳股份,2011-07-02,2013-12-10,5.5
000803,金宇车城,2011-07-02,2013-12-10,5.49
600984,建设机械,2011-07-02,2013-12-10,5.49
600643,爱建股份,2011-07-02,2013-12-10,5.48
000070,特发信息,2011-07-02,2013-12-10,5.47
300330,华虹计通,2011-07-02,2013-12-10,5.46
600800,天津磁卡,2011-07-02,2013-12-10,5.45
000002,万  科Ａ,2011-07-02,2013-12-10,5.44
600789,鲁抗医药,2011-07-02,2013-12-10,5.44
600361,华联综超,2011-07-02,2013-12-10,5.44
600064,南京高科,2011-07-02,2013-12-10,5.44
600683,京投银泰,2011-07-02,2013-12-10,5.44
002222,福晶科技,2011-07-02,2013-12-10,5.43
600680,上海普天,2011-07-02,2013-12-10,5.43
300028,金亚科技,2011-07-02,2013-12-10,5.43
600509,天富能源,2011-07-02,2013-12-10,5.43
000930,中粮生化,2011-07-02,2013-12-10,5.42
000921,海信科龙,2011-07-02,2013-12-10,5.42
601139,深圳燃气,2011-07-02,2013-12-10,5.41
601919,中国远洋,2011-07-02,2013-12-10,5.41
000637,茂化实华,2011-07-02,2013-12-10,5.41
600617,国新能源,2011-07-02,2013-12-10,5.4
002064,华峰氨纶,2011-07-02,2013-12-10,5.39
000606,青海明胶,2011-07-02,2013-12-10,5.38
002278,神开股份,2011-07-02,2013-12-10,5.38
600895,张江高科,2011-07-02,2013-12-10,5.38
600369,西南证券,2011-07-02,2013-12-10,5.37
000524,东方宾馆,2011-07-02,2013-12-10,5.36
600278,东方创业,2011-07-02,2013-12-10,5.36
600067,冠城大通,2011-07-02,2013-12-10,5.35
000683,远兴能源,2011-07-02,2013-12-10,5.35
002178,延华智能,2011-07-02,2013-12-10,5.34
600822,上海物贸,2011-07-02,2013-12-10,5.33
600589,广东榕泰,2011-07-02,2013-12-10,5.33
600661,新南洋,2011-07-02,2013-12-10,5.32
600580,卧龙电气,2011-07-02,2013-12-10,5.32
002076,雪 莱 特,2011-07-02,2013-12-10,5.31
002119,康强电子,2011-07-02,2013-12-10,5.31
002377,国创高新,2011-07-02,2013-12-10,5.31
000768,中航飞机,2011-07-02,2013-12-10,5.31
000927,一汽夏利,2011-07-02,2013-12-10,5.29
600217,秦岭水泥,2011-07-02,2013-12-10,5.29
000619,海螺型材,2011-07-02,2013-12-10,5.29
000514,渝 开 发,2011-07-02,2013-12-10,5.28
000155,川化股份,2011-07-02,2013-12-10,5.28
600084,中葡股份,2011-07-02,2013-12-10,5.27
600297,美罗药业,2011-07-02,2013-12-10,5.27
600099,林海股份,2011-07-02,2013-12-10,5.25
000502,绿景控股,2011-07-02,2013-12-10,5.25
000859,国风塑业,2011-07-02,2013-12-10,5.23
000797,中国武夷,2011-07-02,2013-12-10,5.22
601339,百隆东方,2011-07-02,2013-12-10,5.22
000413,东旭光电,2011-07-02,2013-12-10,5.22
601688,华泰证券,2011-07-02,2013-12-10,5.21
600718,东软集团,2011-07-02,2013-12-10,5.2
603167,渤海轮渡,2011-07-02,2013-12-10,5.2
600584,长电科技,2011-07-02,2013-12-10,5.2
002682,龙洲股份,2011-07-02,2013-12-10,5.2
601199,江南水务,2011-07-02,2013-12-10,5.19
000691,亚太实业,2011-07-02,2013-12-10,5.18
600037,歌华有线,2011-07-02,2013-12-10,5.17
600836,界龙实业,2011-07-02,2013-12-10,5.17
000816,江淮动力,2011-07-02,2013-12-10,5.15
600759,洲际油气,2011-07-02,2013-12-10,5.15
600764,中电广通,2011-07-02,2013-12-10,5.14
600036,招商银行,2011-07-02,2013-12-10,5.14
002010,传化股份,2011-07-02,2013-12-10,5.14
600796,钱江生化,2011-07-02,2013-12-10,5.13
002240,威华股份,2011-07-02,2013-12-10,5.13
002172,澳洋科技,2011-07-02,2013-12-10,5.11
600026,中海发展,2011-07-02,2013-12-10,5.11
000021,长城开发,2011-07-02,2013-12-10,5.09
000883,湖北能源,2011-07-02,2013-12-10,5.08
000967,上风高科,2011-07-02,2013-12-10,5.08
600321,国栋建设,2011-07-02,2013-12-10,5.07
002305,南国置业,2011-07-02,2013-12-10,5.04
000733,振华科技,2011-07-02,2013-12-10,5.01
000611,四海股份,2011-07-02,2013-12-10,5.0
601099,太平洋,2011-07-02,2013-12-10,5.0
600738,兰州民百,2011-07-02,2013-12-10,5.0
600149,廊坊发展,2011-07-02,2013-12-10,4.99
601238,广汽集团,2011-07-02,2013-12-10,4.99
000613,大东海A,2011-07-02,2013-12-10,4.99
600838,上海九百,2011-07-02,2013-12-10,4.98
000979,中弘股份,2011-07-02,2013-12-10,4.98
000517,荣安地产,2011-07-02,2013-12-10,4.98
600219,南山铝业,2011-07-02,2013-12-10,4.97
000835,四川圣达,2011-07-02,2013-12-10,4.97
600530,交大昂立,2011-07-02,2013-12-10,4.96
600604,市北高新,2011-07-02,2013-12-10,4.96
600693,东百集团,2011-07-02,2013-12-10,4.94
600177,雅戈尔,2011-07-02,2013-12-10,4.94
600982,宁波热电,2011-07-02,2013-12-10,4.94
002002,鸿达兴业,2011-07-02,2013-12-10,4.94
600223,鲁商置业,2011-07-02,2013-12-10,4.93
600628,新世界,2011-07-02,2013-12-10,4.93
600136,道博股份,2011-07-02,2013-12-10,4.93
600010,包钢股份,2011-07-02,2013-12-10,4.92
600748,上实发展,2011-07-02,2013-12-10,4.91
600000,浦发银行,2011-07-02,2013-12-10,4.91
600180,瑞茂通,2011-07-02,2013-12-10,4.9
002015,*ST霞客,2011-07-02,2013-12-10,4.88
600861,北京城乡,2011-07-02,2013-12-10,4.88
600156,华升股份,2011-07-02,2013-12-10,4.88
600663,陆家嘴,2011-07-02,2013-12-10,4.87
002228,合兴包装,2011-07-02,2013-12-10,4.87
000555,神州信息,2011-07-02,2013-12-10,4.86
000652,泰达股份,2011-07-02,2013-12-10,4.86
600196,复星医药,2011-07-02,2013-12-10,4.85
000899,赣能股份,2011-07-02,2013-12-10,4.85
600561,江西长运,2011-07-02,2013-12-10,4.85
002198,嘉应制药,2011-07-02,2013-12-10,4.84
600100,同方股份,2011-07-02,2013-12-10,4.82
000657,中钨高新,2011-07-02,2013-12-10,4.82
000420,吉林化纤,2011-07-02,2013-12-10,4.81
600488,天药股份,2011-07-02,2013-12-10,4.81
600250,南纺股份,2011-07-02,2013-12-10,4.81
000679,大连友谊,2011-07-02,2013-12-10,4.81
600682,南京新百,2011-07-02,2013-12-10,4.8
600302,标准股份,2011-07-02,2013-12-10,4.79
600979,广安爱众,2011-07-02,2013-12-10,4.79
000766,通化金马,2011-07-02,2013-12-10,4.78
600479,千金药业,2011-07-02,2013-12-10,4.78
600715,松辽汽车,2011-07-02,2013-12-10,4.78
600650,锦江投资,2011-07-02,2013-12-10,4.76
000918,嘉凯城,2011-07-02,2013-12-10,4.76
600775,南京熊猫,2011-07-02,2013-12-10,4.76
000922,佳电股份,2011-07-02,2013-12-10,4.75
600212,江泉实业,2011-07-02,2013-12-10,4.75
601515,东风股份,2011-07-02,2013-12-10,4.74
000510,金路集团,2011-07-02,2013-12-10,4.73
600834,申通地铁,2011-07-02,2013-12-10,4.73
000737,南风化工,2011-07-02,2013-12-10,4.72
600624,复旦复华,2011-07-02,2013-12-10,4.71
600368,五洲交通,2011-07-02,2013-12-10,4.7
000019,深深宝Ａ,2011-07-02,2013-12-10,4.7
000936,华西股份,2011-07-02,2013-12-10,4.68
600057,象屿股份,2011-07-02,2013-12-10,4.67
002040,南 京 港,2011-07-02,2013-12-10,4.66
000560,昆百大Ａ,2011-07-02,2013-12-10,4.66
600525,长园集团,2011-07-02,2013-12-10,4.65
600881,亚泰集团,2011-07-02,2013-12-10,4.65
600289,亿阳信通,2011-07-02,2013-12-10,4.65
000820,金城股份,2011-07-02,2013-12-10,4.64
000953,河池化工,2011-07-02,2013-12-10,4.64
000722,湖南发展,2011-07-02,2013-12-10,4.64
002420,毅昌股份,2011-07-02,2013-12-10,4.64
000863,三湘股份,2011-07-02,2013-12-10,4.63
600333,长春燃气,2011-07-02,2013-12-10,4.63
000919,金陵药业,2011-07-02,2013-12-10,4.63
600620,天宸股份,2011-07-02,2013-12-10,4.62
000913,钱江摩托,2011-07-02,2013-12-10,4.61
600727,鲁北化工,2011-07-02,2013-12-10,4.6
002500,山西证券,2011-07-02,2013-12-10,4.57
600545,新疆城建,2011-07-02,2013-12-10,4.57
600247,*ST成城,2011-07-02,2013-12-10,4.56
600166,福田汽车,2011-07-02,2013-12-10,4.55
000153,丰原药业,2011-07-02,2013-12-10,4.55
600162,香江控股,2011-07-02,2013-12-10,4.55
600782,新钢股份,2011-07-02,2013-12-10,4.54
002142,宁波银行,2011-07-02,2013-12-10,4.54
600871,*ST仪化,2011-07-02,2013-12-10,4.52
600767,运盛实业,2011-07-02,2013-12-10,4.5
002188,新 嘉 联,2011-07-02,2013-12-10,4.5
000419,通程控股,2011-07-02,2013-12-10,4.5
600730,中国高科,2011-07-02,2013-12-10,4.5
600127,金健米业,2011-07-02,2013-12-10,4.49
600008,首创股份,2011-07-02,2013-12-10,4.49
000066,长城电脑,2011-07-02,2013-12-10,4.48
600769,祥龙电业,2011-07-02,2013-12-10,4.48
000032,深桑达Ａ,2011-07-02,2013-12-10,4.47
600053,中江地产,2011-07-02,2013-12-10,4.47
601038,一拖股份,2011-07-02,2013-12-10,4.47
000033,*ST新都,2011-07-02,2013-12-10,4.47
600538,国发股份,2011-07-02,2013-12-10,4.47
600257,大湖股份,2011-07-02,2013-12-10,4.45
002124,天邦股份,2011-07-02,2013-12-10,4.45
600168,武汉控股,2011-07-02,2013-12-10,4.45
600165,新日恒力,2011-07-02,2013-12-10,4.44
600163,福建南纸,2011-07-02,2013-12-10,4.43
000903,云内动力,2011-07-02,2013-12-10,4.43
000571,新大洲Ａ,2011-07-02,2013-12-10,4.41
000533,万 家 乐,2011-07-02,2013-12-10,4.41
600528,中铁二局,2011-07-02,2013-12-10,4.41
600129,太极集团,2011-07-02,2013-12-10,4.37
600681,万鸿集团,2011-07-02,2013-12-10,4.37
000898,鞍钢股份,2011-07-02,2013-12-10,4.37
600155,宝硕股份,2011-07-02,2013-12-10,4.36
002208,合肥城建,2011-07-02,2013-12-10,4.35
000404,华意压缩,2011-07-02,2013-12-10,4.35
600015,华夏银行,2011-07-02,2013-12-10,4.35
600428,中远航运,2011-07-02,2013-12-10,4.35
600722,金牛化工,2011-07-02,2013-12-10,4.34
603002,宏昌电子,2011-07-02,2013-12-10,4.33
600638,新黄浦,2011-07-02,2013-12-10,4.33
600083,博信股份,2011-07-02,2013-12-10,4.33
600776,东方通信,2011-07-02,2013-12-10,4.32
600094,大名城,2011-07-02,2013-12-10,4.32
000782,美达股份,2011-07-02,2013-12-10,4.31
600578,京能电力,2011-07-02,2013-12-10,4.31
600894,广日股份,2011-07-02,2013-12-10,4.3
600158,中体产业,2011-07-02,2013-12-10,4.3
601901,方正证券,2011-07-02,2013-12-10,4.28
600825,新华传媒,2011-07-02,2013-12-10,4.26
600688,上海石化,2011-07-02,2013-12-10,4.25
600986,科达股份,2011-07-02,2013-12-10,4.24
600797,浙大网新,2011-07-02,2013-12-10,4.24
000830,鲁西化工,2011-07-02,2013-12-10,4.24
000662,索芙特,2011-07-02,2013-12-10,4.23
300280,南通锻压,2011-07-02,2013-12-10,4.23
600639,浦东金桥,2011-07-02,2013-12-10,4.23
600731,湖南海利,2011-07-02,2013-12-10,4.21
600981,汇鸿股份,2011-07-02,2013-12-10,4.21
600076,青鸟华光,2011-07-02,2013-12-10,4.21
600313,农发种业,2011-07-02,2013-12-10,4.2
600448,华纺股份,2011-07-02,2013-12-10,4.18
000543,皖能电力,2011-07-02,2013-12-10,4.18
000761,本钢板材,2011-07-02,2013-12-10,4.18
000682,东方电子,2011-07-02,2013-12-10,4.17
603993,洛阳钼业,2011-07-02,2013-12-10,4.17
600692,亚通股份,2011-07-02,2013-12-10,4.16
600028,中国石化,2011-07-02,2013-12-10,4.16
002105,信隆实业,2011-07-02,2013-12-10,4.16
600153,建发股份,2011-07-02,2013-12-10,4.15
000728,国元证券,2011-07-02,2013-12-10,4.14
600438,通威股份,2011-07-02,2013-12-10,4.14
600872,中炬高新,2011-07-02,2013-12-10,4.12
600227,赤天化,2011-07-02,2013-12-10,4.12
000957,中通客车,2011-07-02,2013-12-10,4.12
000615,湖北金环,2011-07-02,2013-12-10,4.1
002669,康达新材,2011-07-02,2013-12-10,4.1
600080,金花股份,2011-07-02,2013-12-10,4.09
000783,长江证券,2011-07-02,2013-12-10,4.09
600741,华域汽车,2011-07-02,2013-12-10,4.08
000966,长源电力,2011-07-02,2013-12-10,4.08
000570,苏常柴Ａ,2011-07-02,2013-12-10,4.08
600225,天津松江,2011-07-02,2013-12-10,4.07
600192,长城电工,2011-07-02,2013-12-10,4.07
000023,深天地Ａ,2011-07-02,2013-12-10,4.06
002183,怡 亚 通,2011-07-02,2013-12-10,4.04
601169,北京银行,2011-07-02,2013-12-10,4.03
600320,振华重工,2011-07-02,2013-12-10,4.03
000038,深大通,2011-07-02,2013-12-10,4.03
600886,国投电力,2011-07-02,2013-12-10,4.02
002674,兴业科技,2011-07-02,2013-12-10,4.02
000818,方大化工,2011-07-02,2013-12-10,4.02
002113,天润控股,2011-07-02,2013-12-10,4.02
002677,浙江美大,2011-07-02,2013-12-10,4.01
000430,张家界,2011-07-02,2013-12-10,4.0
600074,中达股份,2011-07-02,2013-12-10,4.0
000631,顺发恒业,2011-07-02,2013-12-10,3.97
600622,嘉宝集团,2011-07-02,2013-12-10,3.95
002021,中捷股份,2011-07-02,2013-12-10,3.95
600093,禾嘉股份,2011-07-02,2013-12-10,3.94
000407,胜利股份,2011-07-02,2013-12-10,3.94
000756,新华制药,2011-07-02,2013-12-10,3.94
000678,襄阳轴承,2011-07-02,2013-12-10,3.93
600660,福耀玻璃,2011-07-02,2013-12-10,3.92
000416,民生控股,2011-07-02,2013-12-10,3.9
600396,金山股份,2011-07-02,2013-12-10,3.9
000020,深华发Ａ,2011-07-02,2013-12-10,3.89
600421,仰帆控股,2011-07-02,2013-12-10,3.89
000950,建峰化工,2011-07-02,2013-12-10,3.89
002689,博林特,2011-07-02,2013-12-10,3.88
601098,中南传媒,2011-07-02,2013-12-10,3.88
000718,苏宁环球,2011-07-02,2013-12-10,3.88
000158,常山股份,2011-07-02,2013-12-10,3.88
600185,格力地产,2011-07-02,2013-12-10,3.87
600708,海博股份,2011-07-02,2013-12-10,3.87
002141,蓉胜超微,2011-07-02,2013-12-10,3.87
600602,仪电电子,2011-07-02,2013-12-10,3.87
600237,铜峰电子,2011-07-02,2013-12-10,3.86
000702,正虹科技,2011-07-02,2013-12-10,3.86
600634,中技控股,2011-07-02,2013-12-10,3.86
600820,隧道股份,2011-07-02,2013-12-10,3.83
601555,东吴证券,2011-07-02,2013-12-10,3.82
000912,泸 天 化,2011-07-02,2013-12-10,3.81
600119,长江投资,2011-07-02,2013-12-10,3.78
000537,广宇发展,2011-07-02,2013-12-10,3.76
000753,漳州发展,2011-07-02,2013-12-10,3.76
600356,恒丰纸业,2011-07-02,2013-12-10,3.76
601158,重庆水务,2011-07-02,2013-12-10,3.75
600429,三元股份,2011-07-02,2013-12-10,3.74
600171,上海贝岭,2011-07-02,2013-12-10,3.74
600203,福日电子,2011-07-02,2013-12-10,3.72
000529,广弘控股,2011-07-02,2013-12-10,3.72
600649,城投控股,2011-07-02,2013-12-10,3.71
601727,上海电气,2011-07-02,2013-12-10,3.71
600734,实达集团,2011-07-02,2013-12-10,3.7
600383,金地集团,2011-07-02,2013-12-10,3.69
600370,三房巷,2011-07-02,2013-12-10,3.69
000791,甘肃电投,2011-07-02,2013-12-10,3.69
000976,春晖股份,2011-07-02,2013-12-10,3.69
600657,信达地产,2011-07-02,2013-12-10,3.69
000593,大通燃气,2011-07-02,2013-12-10,3.67
002031,巨轮股份,2011-07-02,2013-12-10,3.66
000735,罗 牛 山,2011-07-02,2013-12-10,3.65
002670,华声股份,2011-07-02,2013-12-10,3.64
600253,天方药业,2011-07-02,2013-12-10,3.64
600400,红豆股份,2011-07-02,2013-12-10,3.64
601857,中国石油,2011-07-02,2013-12-10,3.63
600307,酒钢宏兴,2011-07-02,2013-12-10,3.63
000505,珠江控股,2011-07-02,2013-12-10,3.63
000062,深圳华强,2011-07-02,2013-12-10,3.62
600091,ST明科,2011-07-02,2013-12-10,3.62
600790,轻纺城,2011-07-02,2013-12-10,3.62
000488,晨鸣纸业,2011-07-02,2013-12-10,3.61
000591,桐 君 阁,2011-07-02,2013-12-10,3.61
600351,亚宝药业,2011-07-02,2013-12-10,3.6
600249,两面针,2011-07-02,2013-12-10,3.59
601766,中国南车,2011-07-02,2013-12-10,3.59
000564,西安民生,2011-07-02,2013-12-10,3.59
600865,百大集团,2011-07-02,2013-12-10,3.59
600270,外运发展,2011-07-02,2013-12-10,3.56
600780,通宝能源,2011-07-02,2013-12-10,3.56
000892,星美联合,2011-07-02,2013-12-10,3.54
600567,山鹰纸业,2011-07-02,2013-12-10,3.54
600608,上海科技,2011-07-02,2013-12-10,3.53
600662,强生控股,2011-07-02,2013-12-10,3.51
600630,龙头股份,2011-07-02,2013-12-10,3.5
600896,中海海盛,2011-07-02,2013-12-10,3.5
600621,华鑫股份,2011-07-02,2013-12-10,3.5
000931,中 关 村,2011-07-02,2013-12-10,3.49
600676,交运股份,2011-07-02,2013-12-10,3.49
601899,紫金矿业,2011-07-02,2013-12-10,3.48
600966,博汇纸业,2011-07-02,2013-12-10,3.47
000069,华侨城Ａ,2011-07-02,2013-12-10,3.46
600675,中华企业,2011-07-02,2013-12-10,3.45
600821,津劝业,2011-07-02,2013-12-10,3.45
601299,中国北车,2011-07-02,2013-12-10,3.44
600863,内蒙华电,2011-07-02,2013-12-10,3.44
600122,宏图高科,2011-07-02,2013-12-10,3.44
000068,华控赛格,2011-07-02,2013-12-10,3.43
000815,美利纸业,2011-07-02,2013-12-10,3.43
000687,恒天天鹅,2011-07-02,2013-12-10,3.43
000498,山东路桥,2011-07-02,2013-12-10,3.43
600108,亚盛集团,2011-07-02,2013-12-10,3.42
601009,南京银行,2011-07-02,2013-12-10,3.42
600716,凤凰股份,2011-07-02,2013-12-10,3.42
600007,中国国贸,2011-07-02,2013-12-10,3.4
600583,海油工程,2011-07-02,2013-12-10,3.39
000692,惠天热电,2011-07-02,2013-12-10,3.38
600897,厦门空港,2011-07-02,2013-12-10,3.38
600491,龙元建设,2011-07-02,2013-12-10,3.38
600463,空港股份,2011-07-02,2013-12-10,3.38
600110,中科英华,2011-07-02,2013-12-10,3.38
600186,莲花味精,2011-07-02,2013-12-10,3.37
600234,山水文化,2011-07-02,2013-12-10,3.37
000980,金马股份,2011-07-02,2013-12-10,3.37
600022,山东钢铁,2011-07-02,2013-12-10,3.36
600210,紫江企业,2011-07-02,2013-12-10,3.35
600870,厦华电子,2011-07-02,2013-12-10,3.35
002084,海鸥卫浴,2011-07-02,2013-12-10,3.35
601007,金陵饭店,2011-07-02,2013-12-10,3.34
600275,武昌鱼,2011-07-02,2013-12-10,3.34
000910,大亚科技,2011-07-02,2013-12-10,3.34
600462,石岘纸业,2011-07-02,2013-12-10,3.33
000836,鑫茂科技,2011-07-02,2013-12-10,3.33
000585,东北电气,2011-07-02,2013-12-10,3.32
000688,建新矿业,2011-07-02,2013-12-10,3.32
600717,天津港,2011-07-02,2013-12-10,3.3
603128,华贸物流,2011-07-02,2013-12-10,3.3
600654,飞乐股份,2011-07-02,2013-12-10,3.3
601003,柳钢股份,2011-07-02,2013-12-10,3.3
000796,易食股份,2011-07-02,2013-12-10,3.3
000890,法 尔 胜,2011-07-02,2013-12-10,3.29
600991,长丰汽车,2011-07-02,2013-12-10,3.28
600507,方大特钢,2011-07-02,2013-12-10,3.27
000088,盐 田 港,2011-07-02,2013-12-10,3.26
600360,华微电子,2011-07-02,2013-12-10,3.26
002191,劲嘉股份,2011-07-02,2013-12-10,3.25
001696,宗申动力,2011-07-02,2013-12-10,3.24
600052,浙江广厦,2011-07-02,2013-12-10,3.23
000599,青岛双星,2011-07-02,2013-12-10,3.23
600115,东方航空,2011-07-02,2013-12-10,3.23
600235,民丰特纸,2011-07-02,2013-12-10,3.22
000096,广聚能源,2011-07-02,2013-12-10,3.22
600009,上海机场,2011-07-02,2013-12-10,3.21
600220,江苏阳光,2011-07-02,2013-12-10,3.19
601179,中国西电,2011-07-02,2013-12-10,3.19
600398,海澜之家,2011-07-02,2013-12-10,3.18
600965,福成五丰,2011-07-02,2013-12-10,3.16
002103,广博股份,2011-07-02,2013-12-10,3.15
000806,银河投资,2011-07-02,2013-12-10,3.14
002133,广宇集团,2011-07-02,2013-12-10,3.13
600011,华能国际,2011-07-02,2013-12-10,3.12
600355,精伦电子,2011-07-02,2013-12-10,3.12
600102,莱钢股份,2011-07-02,2013-12-10,3.1
000672,上峰水泥,2011-07-02,2013-12-10,3.09
601107,四川成渝,2011-07-02,2013-12-10,3.08
600736,苏州高新,2011-07-02,2013-12-10,3.08
600222,太龙药业,2011-07-02,2013-12-10,3.08
600856,长百集团,2011-07-02,2013-12-10,3.07
000905,厦门港务,2011-07-02,2013-12-10,3.07
600811,东方集团,2011-07-02,2013-12-10,3.06
000055,方大集团,2011-07-02,2013-12-10,3.04
002027,七喜控股,2011-07-02,2013-12-10,3.0
000040,宝安地产,2011-07-02,2013-12-10,2.99
600854,春兰股份,2011-07-02,2013-12-10,2.99
000520,*ST凤凰,2011-07-02,2013-12-10,2.99
000035,中国天楹,2011-07-02,2013-12-10,2.98
000709,河北钢铁,2011-07-02,2013-12-10,2.97
600609,金杯汽车,2011-07-02,2013-12-10,2.96
600317,营口港,2011-07-02,2013-12-10,2.96
000955,欣龙控股,2011-07-02,2013-12-10,2.96
600698,湖南天雁,2011-07-02,2013-12-10,2.95
600555,九龙山,2011-07-02,2013-12-10,2.95
600744,华银电力,2011-07-02,2013-12-10,2.94
600755,厦门国贸,2011-07-02,2013-12-10,2.94
600126,杭钢股份,2011-07-02,2013-12-10,2.93
000421,南京中北,2011-07-02,2013-12-10,2.92
600173,卧龙地产,2011-07-02,2013-12-10,2.92
601106,中国一重,2011-07-02,2013-12-10,2.9
600215,长春经开,2011-07-02,2013-12-10,2.9
000402,金 融 街,2011-07-02,2013-12-10,2.89
600611,大众交通,2011-07-02,2013-12-10,2.89
000017,深中华A,2011-07-02,2013-12-10,2.88
600082,海泰发展,2011-07-02,2013-12-10,2.87
000006,深振业Ａ,2011-07-02,2013-12-10,2.86
600098,广州发展,2011-07-02,2013-12-10,2.84
600832,东方明珠,2011-07-02,2013-12-10,2.83
600814,杭州解百,2011-07-02,2013-12-10,2.83
000572,海马汽车,2011-07-02,2013-12-10,2.83
000812,陕西金叶,2011-07-02,2013-12-10,2.83
000875,吉电股份,2011-07-02,2013-12-10,2.82
000632,三木集团,2011-07-02,2013-12-10,2.81
000690,宝新能源,2011-07-02,2013-12-10,2.8
000825,太钢不锈,2011-07-02,2013-12-10,2.79
600846,同济科技,2011-07-02,2013-12-10,2.78
000958,东方热电,2011-07-02,2013-12-10,2.77
000622,恒立实业,2011-07-02,2013-12-10,2.76
600236,桂冠电力,2011-07-02,2013-12-10,2.76
000548,湖南投资,2011-07-02,2013-12-10,2.75
000676,思达高科,2011-07-02,2013-12-10,2.74
601800,中国交建,2011-07-02,2013-12-10,2.73
000932,华菱钢铁,2011-07-02,2013-12-10,2.72
601186,中国铁建,2011-07-02,2013-12-10,2.72
000677,恒天海龙,2011-07-02,2013-12-10,2.71
002047,宝鹰股份,2011-07-02,2013-12-10,2.69
600208,新湖中宝,2011-07-02,2013-12-10,2.69
000700,模塑科技,2011-07-02,2013-12-10,2.68
000516,开元投资,2011-07-02,2013-12-10,2.68
600322,天房发展,2011-07-02,2013-12-10,2.67
000150,宜华地产,2011-07-02,2013-12-10,2.67
600743,华远地产,2011-07-02,2013-12-10,2.66
600791,京能置业,2011-07-02,2013-12-10,2.66
000589,黔轮胎Ａ,2011-07-02,2013-12-10,2.66
600701,工大高新,2011-07-02,2013-12-10,2.66
000027,深圳能源,2011-07-02,2013-12-10,2.65
600050,中国联通,2011-07-02,2013-12-10,2.65
000897,津滨发展,2011-07-02,2013-12-10,2.63
000607,华智控股,2011-07-02,2013-12-10,2.62
600978,宜华木业,2011-07-02,2013-12-10,2.62
600777,新潮实业,2011-07-02,2013-12-10,2.61
601006,大秦铁路,2011-07-02,2013-12-10,2.6
002685,华东重机,2011-07-02,2013-12-10,2.6
000594,*ST国恒,2011-07-02,2013-12-10,2.6
000029,深深房Ａ,2011-07-02,2013-12-10,2.6
600191,华资实业,2011-07-02,2013-12-10,2.59
601669,中国电建,2011-07-02,2013-12-10,2.56
600824,益民集团,2011-07-02,2013-12-10,2.55
000767,漳泽电力,2011-07-02,2013-12-10,2.55
600358,国旅联合,2011-07-02,2013-12-10,2.53
000428,华天酒店,2011-07-02,2013-12-10,2.52
000720,新能泰山,2011-07-02,2013-12-10,2.52
000511,烯碳新材,2011-07-02,2013-12-10,2.5
600635,大众公用,2011-07-02,2013-12-10,2.49
000031,中粮地产,2011-07-02,2013-12-10,2.49
600263,路桥建设,2011-07-02,2013-12-10,2.49
600512,腾达建设,2011-07-02,2013-12-10,2.49
601718,际华集团,2011-07-02,2013-12-10,2.49
000959,首钢股份,2011-07-02,2013-12-10,2.47
000828,东莞控股,2011-07-02,2013-12-10,2.47
600159,大龙地产,2011-07-02,2013-12-10,2.42
600665,天地源,2011-07-02,2013-12-10,2.41
600282,*ST南钢,2011-07-02,2013-12-10,2.4
000757,浩物股份,2011-07-02,2013-12-10,2.4
000608,阳光股份,2011-07-02,2013-12-10,2.4
600798,宁波海运,2011-07-02,2013-12-10,2.4
601618,中国中冶,2011-07-02,2013-12-10,2.4
600103,青山纸业,2011-07-02,2013-12-10,2.38
000089,深圳机场,2011-07-02,2013-12-10,2.33
600130,波导股份,2011-07-02,2013-12-10,2.32
600021,上海电力,2011-07-02,2013-12-10,2.31
600035,楚天高速,2011-07-02,2013-12-10,2.3
600626,申达股份,2011-07-02,2013-12-10,2.29
000717,韶钢松山,2011-07-02,2013-12-10,2.28
000539,粤电力Ａ,2011-07-02,2013-12-10,2.28
000037,深南电Ａ,2011-07-02,2013-12-10,2.25
600019,宝钢股份,2011-07-02,2013-12-10,2.25
600246,万通地产,2011-07-02,2013-12-10,2.24
600533,栖霞建设,2011-07-02,2013-12-10,2.21
601005,重庆钢铁,2011-07-02,2013-12-10,2.21
000036,华联控股,2011-07-02,2013-12-10,2.2
000005,世纪星源,2011-07-02,2013-12-10,2.2
600569,安阳钢铁,2011-07-02,2013-12-10,2.18
000886,海南高速,2011-07-02,2013-12-10,2.17
600868,梅雁吉祥,2011-07-02,2013-12-10,2.16
601991,大唐发电,2011-07-02,2013-12-10,2.12
600012,皖通高速,2011-07-02,2013-12-10,2.11
002087,新野纺织,2011-07-02,2013-12-10,2.1
600548,深高速,2011-07-02,2013-12-10,2.05
600269,赣粤高速,2011-07-02,2013-12-10,2.03
000627,天茂集团,2011-07-02,2013-12-10,2.02
000058,深 赛 格,2011-07-02,2013-12-10,2.01
600853,龙建股份,2011-07-02,2013-12-10,2.01
600565,迪马股份,2011-07-02,2013-12-10,2.0
600004,白云机场,2011-07-02,2013-12-10,1.99
600027,华电国际,2011-07-02,2013-12-10,1.99
601333,广深铁路,2011-07-02,2013-12-10,1.96
600006,东风汽车,2011-07-02,2013-12-10,1.96
600005,武钢股份,2011-07-02,2013-12-10,1.96
600175,美都控股,2011-07-02,2013-12-10,1.96
000601,韶能股份,2011-07-02,2013-12-10,1.95
000573,粤宏远Ａ,2011-07-02,2013-12-10,1.95
600839,四川长虹,2011-07-02,2013-12-10,1.94
601872,招商轮船,2011-07-02,2013-12-10,1.94
600808,马钢股份,2011-07-02,2013-12-10,1.93
600017,日照港,2011-07-02,2013-12-10,1.91
000616,亿城投资,2011-07-02,2013-12-10,1.91
601998,中信银行,2011-07-02,2013-12-10,1.85
600653,申华控股,2011-07-02,2013-12-10,1.84
600087,退市长油,2011-07-02,2013-12-10,1.81
601518,吉林高速,2011-07-02,2013-12-10,1.8
600556,北生药业,2011-07-02,2013-12-10,1.78
601866,中海集运,2011-07-02,2013-12-10,1.78
000016,深康佳Ａ,2011-07-02,2013-12-10,1.78
600900,长江电力,2011-07-02,2013-12-10,1.75
600190,锦州港,2011-07-02,2013-12-10,1.74
601880,大连港,2011-07-02,2013-12-10,1.73
000429,粤高速Ａ,2011-07-02,2013-12-10,1.72
601390,中国中铁,2011-07-02,2013-12-10,1.64
600377,宁沪高速,2011-07-02,2013-12-10,1.63
601328,交通银行,2011-07-02,2013-12-10,1.62
601188,龙江交通,2011-07-02,2013-12-10,1.6
600018,上港集团,2011-07-02,2013-12-10,1.59
600033,福建高速,2011-07-02,2013-12-10,1.56
000301,东方市场,2011-07-02,2013-12-10,1.53
600601,方正科技,2011-07-02,2013-12-10,1.53
601608,中信重工,2011-07-02,2013-12-10,1.47
600350,山东高速,2011-07-02,2013-12-10,1.44
600726,华电能源,2011-07-02,2013-12-10,1.43
000600,建投能源,2011-07-02,2013-12-10,1.39
600020,中原高速,2011-07-02,2013-12-10,1.37
000916,华北高速,2011-07-02,2013-12-10,1.36
000667,美好集团,2011-07-02,2013-12-10,1.36
600642,申能股份,2011-07-02,2013-12-10,1.36
601018,宁波港,2011-07-02,2013-12-10,1.29
000100,TCL 集团,2011-07-02,2013-12-10,1.28
601939,建设银行,2011-07-02,2013-12-10,1.27
601668,中国建筑,2011-07-02,2013-12-10,1.27
600631,百联股份,2011-07-02,2013-12-10,1.25
601588,北辰实业,2011-07-02,2013-12-10,1.16
601818,光大银行,2011-07-02,2013-12-10,1.15
000725,京东方Ａ,2011-07-02,2013-12-10,1.13
601398,工商银行,2011-07-02,2013-12-10,0.86
601288,农业银行,2011-07-02,2013-12-10,0.82
600795,国电电力,2011-07-02,2013-12-10,0.8
000681,视觉中国,2011-07-02,2013-12-10,0.72
601988,中国银行,2011-07-02,2013-12-10,0.69
000557,*ST广夏,2011-07-02,2013-12-10,0.0
